name,address,city,state,postcode,country,phone,email,website,has_showroom,tags,lat,lon
Tradelink Airlie Beach,Galbraith Park Drive,Airlie Beach,Queensland,4800,Australia,07 4847 5220,airliebeach@tradelink.com.au,,FALSE,,-20.2918941,148.6703275
Tradelink Albany,Lockyer Avenue 137,Albany,Western Australia,6330,Australia,08 9729 4320,albany@tradelink.com.au,,FALSE,,-35.013872,117.885146
Tradelink Albert Park,966 Port Rd,Albert Park,South Australia,5014,Australia,08 8193 7940,albertpark@tradelink.com.au,,TRUE,Showroom with Product Display,-34.8757495,138.5264577
Tradelink Albury,Urana Road 351,Albury,New South Wales,2641,Australia,02 6092 2500,albury@tradelink.com.au,,FALSE,,-36.04894,146.93071
Tradelink Alexandria (incl Civil),Bourke Road 69a,Sydney,New South Wales,2015,Australia,02 9305 9050,alexandria@tradelink.com.au,,FALSE,,-33.91602,151.189512
Tradelink Balcatta,Bendsten Place 6,Perth,Western Australia,6021,Australia,08 9416 9620,balcatta@tradelink.com.au,,FALSE,,-31.858028,115.80626
Tradelink Batemans Bay,Vesper Street,Batemans Bay,New South Wales,2536,Australia,02 4276 7220,batemansbay@tradelink.com.au,,FALSE,,-35.7091164,150.173418
Tradelink Bathurst,Russell Street 167,Bathurst,New South Wales,2795,Australia,02 6330 7800,bathurst@tradelink.com.au,,FALSE,,-33.420798,149.582276
Tradelink Bayswater,Canterbury Road 280,Melbourne,Victoria,3153,Australia,03 8773 3420,bayswater@tradelink.com.au,,TRUE,Showroom with Product Display,-37.830749,145.272124
Tradelink Bega,Auckland Street 82,Bega,New South Wales,2550,Australia,02 4276 7240,bega@tradelink.com.au,,FALSE,,-36.673069,149.841371
Tradelink Belmont,Belgravia Street 94,Perth,Western Australia,6104,Australia,08 9260 2640,belmont@tradelink.com.au,,FALSE,,-31.9492,115.928452
Tradelink Berrimah,Stuart Highway,Darwin,Northern Territory,0828,Australia,08 8995 8020,berrimah@tradelink.com.au,,FALSE,,-12.4368699,130.9315808
Tradelink Bowen Hills,Montpelier Road 74,Brisbane,Queensland,4006,Australia,07 3850 2320,bowenhills@tradelink.com.au,,TRUE,Showroom with Product Display,-27.449301,153.039423
Tradelink Brendale,South Pine Road,Brisbane,Queensland,4500,Australia,07 3513 5020,brendale@tradelink.com.au,,FALSE,,-27.31357,152.9853841
Tradelink Broadmeadow,Lambton Road 142,Newcastle,New South Wales,2292,Australia,02 4088 4600,broadmeadow@tradelink.com.au,,FALSE,,-32.923039,151.725259
Tradelink Brookvale,Brookvale Avenue,Sydney,New South Wales,2100,Australia,02 9666 2840,brookvale@tradelink.com.au,,FALSE,,-33.7621989,151.2662742
Tradelink Broome,Clementson Street 18,Broome,Western Australia,6725,Australia,08 9194 5700,broome@tradelink.com.au,,FALSE,,-17.971856,122.220229
Tradelink Bunbury,Albert Lane,Bunbury,Western Australia,6230,Australia,08 9729 4300,bunbury@tradelink.com.au,,FALSE,,-33.3347484,115.6473761
Tradelink Bundaberg,Bargara Road,Bundaberg,Queensland,4670,Australia,07 4331 5100,bundaberg@tradelink.com.au,,FALSE,,-24.85575285,152.374165
Tradelink Burleigh,Newcastle Street 12,Gold Coast,Queensland,4220,Australia,07 5558 4520,burleigh@tradelink.com.au,,TRUE,Showroom with Product Display,-28.102138,153.424308
Tradelink Byron Bay,Banksia Lane,Byron Bay,New South Wales,2481,Australia,02 6691 6720,byronbay@tradelink.com.au,,FALSE,,-28.67432255,153.6124875
Tradelink Caboolture,Torrens Road 8,Brisbane,Queensland,4510,Australia,07 5470 3820,caboolture@tradelink.com.au,,FALSE,,-27.096114,152.940124
Tradelink Cairns Anderson St (incl Civil),Anderson Street 130,Cairns,Queensland,4870,Australia,07 4058 5800,anderson@tradelink.com.au,,FALSE,,-16.915757,145.743969
Tradelink Camp Hill,Old Cleveland Road 472,Brisbane,Queensland,4152,Australia,07 3850 2380,camphill@tradelink.com.au,,FALSE,,-27.491485,153.067313
Tradelink Campbelltown (incl Civil),Airds Road 175,Sydney,New South Wales,2560,Australia,02 4726 4840,campbelltown@tradelink.com.au,,FALSE,,-34.047506,150.830854
Tradelink Canning Vale,Bannister Road 176,Perth,Western Australia,6155,Australia,08 9234 3520,canningvale@tradelink.com.au,,FALSE,,-32.059557,115.908985
Tradelink Capalaba,Redland Bay Road 120,Brisbane,Queensland,4157,Australia,07 3086 7540,capalaba@tradelink.com.au,,TRUE,Showroom with Product Display,-27.530041,153.197471
Tradelink Carrum Downs,Levida Drive 5,Melbourne,Victoria,3201,Australia,03 5984 6460,carrumdowns@tradelink.com.au,,TRUE,Showroom with Product Display,-38.098084,145.169429
Tradelink Castle Hill Showroom,"Unit 4, 19 Victoria Avenue, Castle Hill 2154",Castle Hill Showroom,New South Wales,2154,Australia,02 8848 6220,,,TRUE,Showroom with Product Display,-33.73309123,150.9812846
Tradelink Centenary,Sumner Road,Brisbane,Queensland,4074,Australia,07 3819 6320,centenary@tradelink.com.au,,FALSE,,-27.5614901,152.9327106
Tradelink Clontarf,Macdonnell Road 303,Brisbane,Queensland,4019,Australia,07 3513 5040,clontarf@tradelink.com.au,,TRUE,Showroom with Product Display,-27.23424,153.083366
Tradelink Coconut Grove,"Unit 2/8 Osgood Dr, Eaton NT",Coconut Grove,Northern Territory,0820,Australia,08 8995 8080,coconutgrove@tradelink.com.au,,FALSE,,-12.3978999,130.8621583
Tradelink Coffs Harbour,Marcia Street 28,Coffs Harbour,New South Wales,2450,Australia,02 6691 6700,coffsharbour@tradelink.com.au,,FALSE,,-30.289783,153.117439
Tradelink Coopers Plains,Boniface Street 17,Brisbane,Queensland,4108,Australia,07 3086 7580,coopersplains@tradelink.com.au,,FALSE,,-27.559645,153.019511
Tradelink Dandenong,324 Frankston Dandenong Road,Dandenong,Victoria,3175,Australia,03 9790 4000,"dandenong@tradelink.com.au
 dandenongcivil@tradelink.com.au",,FALSE,,-37.989929,145.209808
Tradelink Devonport,Don Road 9,Devonport,Tasmania,7310,Australia,03 6222 4940,devonport@tradelink.com.au,,TRUE,Showroom with Product Display,-41.179858,146.339547
Tradelink Enoggera,68-72 Pickering Street,Brisbane,Queensland,4051,Australia,07 3513 5000,enoggera@tradelink.com.au,,TRUE,Showroom with Product Display,-27.4192947,152.9909846
Tradelink Erina,Aston Road 4,Erina,New South Wales,2156,Australia,02 4343 6900,erina@tradelink.com.au,,FALSE,,-33.680614,150.984251
Tradelink Essendon,505 Keilor Rd,Niddrie,Victoria,3040,Australia,03 8405 6180,essendon@tradelink.com.au,,TRUE,Showroom with Product Display,-37.735326,144.886842
Tradelink Fairfield,"Fairfield Homemaker Centre, 1 Darcy Dr",Idalia,Queensland,4811,Australia,07 4847 5280,fairfield@tradelink.com.au,,FALSE,,-19.3147829,146.8210109
Tradelink Forster,Commerce Court 2,Forster,New South Wales,2428,Australia,02 6537 9520,forster@tradelink.com.au,,FALSE,,-32.196616,152.524652
Tradelink Fyshwick,Barrier Street 66,Canberra,Australian Capital Territory,2609,Australia,02 6132 9420,fyshwick@tradelink.com.au,,FALSE,,-35.328492,149.172295
Tradelink Geelong South (incl Civil),Fyans Street 133,Geelong,Victoria,3220,Australia,03 5247 7100,geelongsouth@tradelink.com.au,,TRUE,Showroom with Product Display,-38.163971,144.363487
Tradelink Gladstone,Hanson Road 80,Gladstone,Queensland,4680,Australia,07 4331 5160,gladstone@tradelink.com.au,,FALSE,,-23.840445,151.247329
Tradelink Goulburn,6/135 Finlay Rd,Goulburn,New South Wales,2580,Australia,02 4829 3000,goulburn@tradelink.com.au,,FALSE,,-34.7686868,149.6953404
Tradelink Grafton,Queen Street 50,Grafton,New South Wales,2460,Australia,02 6691 6740,grafton@tradelink.com.au,,FALSE,,-29.687681,152.933291
Tradelink Gympie,Mellor Street 80,Gympie,Queensland,4570,Australia,07 5470 3860,gympie@tradelink.com.au,,FALSE,,-26.187238,152.668946
Tradelink Hervey Bay,Islander Road 103,Hervey Bay,Queensland,4655,Australia,07 4331 5120,pialba@tradelink.com.au,,FALSE,,-25.285653,152.831233
Tradelink Hobart,Burnett Street 48,Hobart,Tasmania,7000,Australia,03 6222 4900,hobart@tradelink.com.au,,TRUE,Showroom with Product Display,-42.874137,147.318684
Tradelink Inverell,Byron Street 216-218,Inverell,New South Wales,2360,Australia,02 6537 9560,inverell@tradelink.com.au,,FALSE,,-29.770331,151.11576
Tradelink Ipswich,Pound Street 2,Brisbane,Queensland,4305,Australia,07 3819 6300,ipswich@tradelink.com.au,,FALSE,,-27.622574,152.750363
Tradelink Joondalup,Franklin Lane,Perth,Western Australia,6027,Australia,08 9416 9640,joondalup@tradelink.com.au,,TRUE,Showroom with Product Display,-31.7415366,115.7613207
Tradelink Kalgoorlie,Boulder Road 150,Kalgoorlie,Western Australia,6430,Australia,08 9729 4380,kalgoorlie@tradelink.com.au,,FALSE,,-30.753416,121.48101
Tradelink Kunda Park - Showroom,Robert Street 16,Sunshine Beach,Queensland,4556,Australia,754587400,,,TRUE,Showroom with Product Display,-26.663999,153.044373
Tradelink Launceston,Howick Street 73,Launceston,Tasmania,7249,Australia,03 6222 4980,launceston@tradelink.com.au,,FALSE,,-41.448537,147.142764
Tradelink Lithgow,Chifley Road 90,Lithgow,New South Wales,2790,Australia,02 6330 7820,lithgow@tradelink.com.au,,FALSE,,-33.476329,150.174016
Tradelink Maitland,Railway Street,Maitland,New South Wales,2320,Australia,02 4088 4620,maitland@tradelink.com.au,,FALSE,,-32.737019,151.5528082
Tradelink Mandurah,Fitzgerald Road 30,Perth,Western Australia,6210,Australia,08 9234 3560,mandurah@tradelink.com.au,,FALSE,,-32.515339,115.749708
Tradelink Maryborough,Harwood Street 13,Maryborough,Queensland,4650,Australia,07 4331 5140,maryborough@tradelink.com.au,,FALSE,,-25.5304,152.687759
Tradelink Midvale,Farrall Road 11,Perth,Western Australia,6056,Australia,08 9416 9660,midvale@tradelink.com.au,,FALSE,,-31.89347,116.032461
Tradelink Mitchell,Brookes Street 62,Canberra,Australian Capital Territory,2911,Australia,02 6132 9460,mitchell@tradelink.com.au,,FALSE,,-35.217204,149.141386
Tradelink Mudgee,Sydney Road 5,Mudgee,New South Wales,2850,Australia,02 5776 8740,mudgee@tradelink.com.au,,TRUE,Showroom with Product Display,-32.604761,149.598729
Tradelink Myaree,Norma Road 62,Perth,Western Australia,6154,Australia,08 9260 2680,myaree@tradelink.com.au,,TRUE,Showroom with Product Display,-32.037719,115.822621
Tradelink Nerang,Spencer Road 44,Gold Coast,Queensland,4211,Australia,07 5646 2020,nerang@tradelink.com.au,,TRUE,Showroom with Product Display,-28.001998,153.340474
Tradelink North Lakes,Burke Crescent 31,Brisbane,Queensland,4509,Australia,07 3513 5080,northlakes@tradelink.com.au,,FALSE,,-27.229737,153.005304
Tradelink Nowra,Princes Highway 170,Nowra,New South Wales,2541,Australia,02 4276 7260,nowra@tradelink.com.au,,FALSE,,-34.912361,150.60438
Tradelink Orange,Byng Street 187-191,Orange,New South Wales,2800,Australia,02 6330 7860,orange@tradelink.com.au,,FALSE,,-33.282132,149.106744
Tradelink Osborne Park,Hector Street 76,Perth,Western Australia,6017,Australia,08 9416 9600,osbornepark@tradelink.com.au,,FALSE,,-31.902267,115.816761
Tradelink Oxenford,Pacific Motorway,Gold Coast,Queensland,4210,Australia,07 5646 2040,oxenford@tradelink.com.au,,FALSE,,-27.9247746,153.3265825
Tradelink Penrith,Coreen Avenue 139,Sydney,New South Wales,2750,Australia,02 4726 4800,penrith@tradelink.com.au,,FALSE,,-33.743235,150.694898
Tradelink Port Macquarie,Acacia Avenue 29,Port Macquarie,New South Wales,2444,Australia,02 6537 9540,portmacquarie@tradelink.com.au,,TRUE,Showroom with Product Display,-31.446777,152.890973
Tradelink Rockdale,Princes Highway,Sydney,New South Wales,2216,Australia,02 9751 5660,rockdale@tradelink.com.au,,FALSE,,-33.95747,151.140957
Tradelink Rockhampton,Yaamba Road (bruce Highway) 411,Rockhampton,Queensland,4701,Australia,07 4847 5260,rockhampton@tradelink.com.au,,FALSE,,-23.250243,150.497215
Tradelink Rockingham,Dixon Road 79,Perth,Western Australia,6168,Australia,08 9234 3580,rockingham@tradelink.com.au,,TRUE,Showroom with Product Display,-32.276647,115.763051
Tradelink Rosebud,11 Henry Wilson Dr,Rosebud,Victoria,3939,Australia,03 5984 6400,rosebud@tradelink.com.au,,FALSE,,-38.3835668,144.8859416
Tradelink Shepparton,Riverview Drive 5,Shepparton,Victoria,3631,Australia,03 5722 6820,shepparton@tradelink.com.au,,TRUE,Showroom with Product Display,-36.408949,145.392345
Tradelink Singleton,Kelso Street 1,Singleton,New South Wales,2330,Australia,02 5776 8720,singleton@tradelink.com.au,,FALSE,,-32.573817,151.168841
Tradelink Smithfield,Mount Koolmoon Street 1-3,Cairns,Queensland,4878,Australia,07 4058 5840,smithfield@tradelink.com.au,,FALSE,,-16.836417,145.695418
Tradelink Springfield,Commercial Drive 10-22,Brisbane,Queensland,4300,Australia,07 3819 6340,springfield@tradelink.com.au,,FALSE,,-27.654997,152.919071
Tradelink St Agnes,Tolley Road,Adelaide,South Australia,5097,Australia,08 8193 7920,stagnes@tradelink.com.au,,TRUE,Showroom with Product Display,-34.8343833,138.7069199
Tradelink St Marys,,St Marys,New South Wales,2760,Australia,02 4726 4890,stmarysnsw@tradelink.com.au,,FALSE,,-32.16897167,147.0146941
Tradelink Tamworth,Lockheed Street 9-11,Tamworth,New South Wales,2340,Australia,02 5776 8780,tamworth@tradelink.com.au,,TRUE,Showroom with Product Display,-31.090989,150.909404
Tradelink Taree,Flametree Close 5,Taree,New South Wales,2430,Australia,02 6537 9500,taree@tradelink.com.au,,FALSE,,-31.888765,152.452361
Tradelink Taren Point,Bay Road,Sydney,New South Wales,2229,Australia,02 8535 2100,tarenpoint@tradelink.com.au,,FALSE,,-34.0226446,151.1244534
Tradelink Taylors Beach,Taylors Beach Road,Taylors Beach,New South Wales,2316,Australia,02 4088 4660,taylorsbeach@tradelink.com.au,,FALSE,,-32.742796,152.0596559
Tradelink Thornbury,St Georges Road 316,Melbourne,Victoria,3071,Australia,03 8342 9220,thornbury@tradelink.com.au,,TRUE,Showroom with Product Display,-37.759994,144.9935
Tradelink Toowoomba City,James Street 213,Toowoomba,Queensland,4350,Australia,07 4614 2400,toowoombacity@tradelink.com.au,,FALSE,,-27.568046,151.949799
Tradelink Townsville Garbutt,"Cnr Dalrymple & Corporate Crescent, Townsville",Townsville,Queensland,4814,Australia,07 4412 5460,garbutt@tradelink.com.au,,FALSE,,-19.300526,146.759147
Tradelink Tweed Heads,Tweed Street,Tweed Heads,New South Wales,2486,Australia,07 5558 4560,tweedheads@tradelink.com.au,,FALSE,,-28.2131944,153.4914972
Tradelink Wagga Wagga,Chaston Street 2,Wagga Wagga,New South Wales,2650,Australia,02 6092 2520,waggawagga@tradelink.com.au,,FALSE,,-35.122127,147.353592
Tradelink Wangaratta,,Wangaratta,Victoria,3677,Australia,03 5722 6800,wangaratta@tradelink.com.au,,FALSE,,-36.356251,146.323091
Tradelink Warners Bay,,Newcastle,New South Wales,2282,Australia,02 4343 6980,warnersbay@tradelink.com.au,,TRUE,Showroom with Product Display,-32.975507,151.647004
Tradelink Warrnambool,Fairy Street 27,Warrnambool,Victoria,3280,Australia,03 5247 7160,warrnambool@tradelink.com.au,,FALSE,,-38.383913,142.477091
Tradelink Warwick,Grafton Street 118,Warwick,Queensland,4370,Australia,07 4614 2440,warwick@tradelink.com.au,,FALSE,,-28.216291,152.030481
Tradelink West Gosford,Grieve Road 3,Central Coast,New South Wales,2250,Australia,02 4343 6960,westgosford@tradelink.com.au,,FALSE,,-33.424274,151.31852
Tradelink Whyalla,Norrie Avenue 128,Whyalla,South Australia,5600,Australia,08 8642 7660,whyalla@tradelink.com.au,,TRUE,Showroom with Product Display,-33.036836,137.552237
Tradelink Wollongong,Keira Street 360,Wollongong,New South Wales,2500,Australia,02 4276 7200,wollongong@tradelink.com.au,,FALSE,,-34.435431,150.891495
Tradelink Woolloongabba,Balaclava Street 16,Brisbane,Queensland,4102,Australia,07 3850 2360,woolloongabba@tradelink.com.au,,FALSE,,-27.489795,153.036975
Tradelink Yamba,Angourie Road,Yamba,New South Wales,2464,Australia,02 6691 6780,yamba@tradelink.com.au,,FALSE,,-29.444389,153.3523072
Trend Bathroom and Kitchen Centre,628 South Rd,Moorabbin,Victoria,3189,Australia,(03) 9553 0899,,,TRUE,Showroom with Product Display,-37.93765478,145.0671387
Bright Renovations,54 Maroondah Hwy,Ringwood,Victoria,3134,Australia,03 9870 3658,,,TRUE,Showroom with Product Display,-37.81742337,145.2215827
Cargo Bathroom and Kitchens,44 Nepean Highway,Mentone,Victoria,3192,Australia,(03) 95857583,,,TRUE,Showroom with Product Display,-37.976359,145.065887
Bright Renovations,198 Discovery Rd,Dandenong South,Victoria,3175,Australia,(03) 97066618,,,TRUE,Showroom with Product Display,-38.055488,145.215138
Reece Tootgarook,2-6 Carmichael St,Tootgarook,Victoria,3941,Australia,(03) 5987 8510,,,FALSE,,-38.369089,144.856663
Reece South Melbourne,"City Road &, Cecil St",South Melbourne,3205,3205,Australia,(03) 8575 9710,,,FALSE,,-37.82978905,144.9560026
Reece Seaford,24 Hartnett Drive,Seaford,Victoria,3198,Australia,,,,FALSE,,-38.113192,145.141213
Reece Clayton,2133 Princes Highway,Clayton,Victoria,3168,Australia,,,,FALSE,,-37.925803,145.145688
Reece Melton,177 High Street,Melton,Victoria,3337,Australia,,,,FALSE,,-37.683797,144.594236
Reece Bendigo,120 High Street,Bendigo,Victoria,3550,Australia,,,,FALSE,,-36.76197,144.271992
Reece Wendouree,1041 Howitt Street,Wendouree,Victoria,3355,Australia,,,,FALSE,,-37.541266,143.835683
Reece Newport,200 Mason Street,Newport,Victoria,3015,Australia,,,,FALSE,,-37.8403746,144.8658593
Reece Ocean Grove,12-14 Marine Parade,Ocean Grove,Victoria,3226,Australia,,,,FALSE,,-38.2515322,144.5376158
Reece Werribee,123 Railway Avenue,Werribee,Victoria,3030,Australia,,,,FALSE,,-37.8951985,144.6709072
Reece Bathroom Life Heidelberg,495 Upper Heidelberg Road,Heidelberg West,Victoria,3081,Australia,(03) 9458 0110,heidelberg.bathroomlife.vic@reece.com.au,,FALSE,,-37.7519272,145.0567263
Art Bathrooms,1/3 Exeter Way,Caloundra West,Queensland,4551,Australia,,,,TRUE,Showroom with Product Display,-26.7914339,153.1099423
Reece Bathroom Life - Essendon,39 Keilor Road,Essendon,Victoria,3040,Australia,,,,FALSE,,-37.7436237,144.9074439
Designer Bathware - Richmond,504 Bridge Road,Richmond,Victoria,3121,Australia,,,,TRUE,Showroom with Product Display,-37.8197639,145.0086721
Designer Bathware - Keilor Park,5/1-9 Thomsons Road,Keilor Park,Victoria,3042,Australia,,,,TRUE,Showroom with Product Display,-37.720395,144.849837
Reece Bathroom Life - Richmond,641-643 Bridge Road,Richmond,Victoria,3121,Australia,,,,FALSE,,-37.8197026,145.0122921
Reece Ferntree Gully,Burwood Hwy & Oaklands Ave,Ferntree Gully,Victoria,3156,Australia,,,,FALSE,,-37.884103,145.2820169
Reece - Warragul,151 Queen Street,Warragul,Victoria,3820,Australia,,,,FALSE,,-38.1658937,145.939121
Reece Pakenham,911 Princes Highway,Pakenham,Victoria,3810,Australia,,,,FALSE,,-38.0625144,145.4615701
Reece Narre Warren,82-84 Victor Crescent,Narre Warren,Victoria,3805,Australia,,,,FALSE,,-38.024948,145.313239
Reece Bathroom Life Brighton,15/21 Union St,Brighton East,Victoria,3187,Australia,,,,FALSE,,-37.907507,145.010655
Fortitude Valley Reece Bathroom Life,25 Montpelier Rd,Bowen Hills,Queensland,4006,Australia,,,,FALSE,,-27.4492405,153.0406156
Reece Geebung,234 Robinson Road,Geebung,Queensland,4034,Australia,07 3834 2710,,,FALSE,,-27.3679207,153.0472262
Reece Lewisham,780-788 Parramatta Rd,Lewisham,New South Wales,2049,Australia,,,,FALSE,,-33.8902803,151.1471468
Reece Kempsey,111 Smith Street,Kempsey,New South Wales,2440,Australia,,,,FALSE,,-31.0742824,152.8441822
Reece Blacktown,4 Melissa Place,Kings Park,New South Wales,2148,Australia,,,,FALSE,,-33.7466664,150.9080552
Reece Ballina,19 Southern Cross Drive,Ballina,New South Wales,2478,Australia,,,,FALSE,,-28.8499411,153.5574205
Reece Coffs Harbour South,12 Isles Drive,Coffs Harbour South,New South Wales,2450,Australia,,,,FALSE,,-30.3151501,153.0876642
Reece Mansfield,11 Secam Street,Mansfield,Queensland,4122,Australia,,,,FALSE,,-27.5324774,153.0983377
Reece Belconnen,80 Oatley Court,Belconnen,Australian Capital Territory,2617,Australia,,,,FALSE,,-35.2425148,149.0589356
Reece Erina,245 the Entrance Rd,Erina,New South Wales,2250,Australia,,,,FALSE,,-33.4343089,151.3876971
Reece Burleigh Heads,15-17 Central Drive,Burleigh Heads,Queensland,4220,Australia,,,,FALSE,,-28.1044154,153.4243045
Reece Bathroom Life Bundall,96 Upton Street,Bundall,Queensland,4217,Australia,,,,FALSE,,-28.0035296,153.4108808
Reece North Lakes,250 Morayfield Road,Morayfield,Queensland,4506,Australia,,,,FALSE,,-27.1114629,152.9499222
Reece Maroochydore,8 Glen Kyle Drive,Maroochydore,Queensland,4558,Australia,,,,FALSE,,-26.6732159,153.0930929
Reece Bowral,87-91 Kirkham Road,Bowral,New South Wales,2576,Australia,,,,FALSE,,-34.4817226,150.4128571
Reece Bathroom Life Norwood,31 the Parade,Norwood,South Australia,5067,Australia,,,,FALSE,,-34.9212865,138.6265934
Reece Stepney,75 Nelson Street Stepney,Stepney,South Australia,5069,Australia,,,,FALSE,,-34.9107989,138.6297101
Reece Launceston,Cnr Goodman Crt & Invermay Rd Launceston,Launceston,Tasmania,7250,Australia,,,,FALSE,,-41.4132319,147.1344989
Reece Enoggera,90 Pickering Street,Enoggera,Queensland,4051,Australia,,,,FALSE,,-27.4199476,152.9936955
Reece Underwood,40 Compton Road,Underwood,Queensland,4119,Australia,,,,FALSE,,-27.6201568,153.1125546
Reece Bathroom Life Bundal,96 Upton Street,Bundall,Queensland,4217,Australia,,,,FALSE,,-28.0035296,153.4108808
Reece Plumbing Labrador,"27 Gateway Drive,, Australia",Biggera Waters,Queensland,4216,Australia,,,,FALSE,,-27.9323907,153.3839568
Reece Oxenford,149 Old Pacific Highway,Oxenford,Queensland,4210,Australia,,,,FALSE,,-27.8881151,153.3139453
Reece Port Macquarie,195 Lake Road,Port Macquarie,New South Wales,2444,Australia,,,,FALSE,,-31.4482388,152.8890364
Reece Byron Bay,50 Centennial Cct,Byron Bay,New South Wales,2481,Australia,,,,FALSE,,-28.6347608,153.5783518
Reece Coffs Harbour,177a Orlando Street,Coffs Harbour,New South Wales,2450,Australia,,,,FALSE,,-30.2867849,153.1287971
Reece Morayfield,250 Morayfield Road,Morayfield,Queensland,4506,Australia,,,,FALSE,,-27.1114629,152.9499222
Reece Warana,236 Nicklin Way,Warana,Queensland,4575,Australia,,,,FALSE,,-26.725186,153.1287511
Reece - Noosaville,6 Selkirk Drive,Noosaville,Queensland,4566,Australia,,,,FALSE,,-26.4124304,153.049115
Reece - Capalaba,168-170 Redland Bay Rd,Capalaba,Queensland,4157,Australia,,,,FALSE,,-27.5340433,153.201512
Reece - Gympie,2 Clematis St,Gympie,Queensland,4570,Australia,,,,FALSE,,-26.1872847,152.6558064
Reece - Thornton,1 Huntingdale Drive,Thornton,New South Wales,2322,Australia,,,,FALSE,,-32.7869356,151.6373236
Reece - Newcastle,64 Maitland Road,Islington,New South Wales,2296,Australia,,,,FALSE,,-32.9140892,151.7461811
Reece - Gosford,240 Manns Road,West Gosford,New South Wales,2250,Australia,,,,FALSE,,-33.417021,151.3278104
Reece - Gateshead,9 Metro Court,Gateshead,New South Wales,2290,Australia,,,,FALSE,,-32.9887684,151.6951303
Reece - Warners Bay,Unit D/301 Hillsborough Road,Warners Bay,New South Wales,2282,Australia,,,,FALSE,,-32.9617071,151.6620694
Reece-Salamander Bay,4 Shearwater Drive,Salamander Bay,New South Wales,2317,Australia,,,,FALSE,,-32.7528415,152.0700196
Reece - Kotara,Unit 1/154 Park Avenue,Kotara,New South Wales,2289,Australia,,,,FALSE,,-32.9427925,151.6969142
Reece - Pymble,8 West Street,Pymble,New South Wales,2073,Australia,,,,FALSE,,-33.751485,151.1433236
Reece Bathroom Life - Castle Hill,5/7-13 Victoria Avenue,Castle Hil,New South Wales,2154,Australia,,,,FALSE,,-33.889432,151.2357198
Taren Point - Reece Bathroom Life,224 Taren Point Road,Carringbah,New South Wales,2229,Australia,,,,FALSE,,-34.0301019,151.1203049
Gt&B,15/17 W Fyans Street,Newtown,Victoria,3220,Australia,,,,TRUE,Showroom with Product Display,-38.1603451,144.3484229
Reece Port Adelaide,51 Langham Place,Port Adeliade,South Australia,5015,Australia,,,,FALSE,,-34.852197,138.5055087
Reece St Agnes,130 Tolley Road,St Agnes,South Australia,5097,Australia,,,,FALSE,,-34.8298373,138.7062421
Reece Adelaide,15 Elizabeth Street,Adelaide,South Australia,5000,Australia,,,,FALSE,,-34.9252018,138.5911741
Reece Bathroom Life Norwood,31 The Parade,Norwood,South Australia,5066,Australia,,,,FALSE,,-34.9212865,138.6265934
Harvey Norman Maribyrnong,"169 Rosamond Rd, Maribyrnong Vic 3032",Maribyrnong,Victoria,3032,Australia,(03) 9304 7000,,https://stores.harveynorman.com.au/harvey-norman-maribyrnong-vic/?utm_source=google&utm_medium=organic&utm_campaign=gmb_page,TRUE,Showroom with Product Display,-37.773265,144.8839527
Harvey Norman @ Domayne Alexandria,84 O'Riordan Street Level 1,Alexandria,New South Wales,2015,Australua,(02) 8339 7000,,https://stores.harveynorman.com.au/harvey-norman-domayne-alexandria-nsw,TRUE,Showroom with Product Display,-33.9178101,151.1942047
Harvey Norman Bundall,29-45 Ashmore Road,Bundall,Queensland,4217,Australia,(07) 5584 3111,,https://stores.harveynorman.com.au/harvey-norman-bundall-qld,TRUE,Showroom with Product Display,-28.0097927,153.4071636
Harvey Norman Launceston,45-59 Charles Street,Launceston,Tasmania,7250,Australia,,,https://stores.harveynorman.com.au/harvey-norman-launceston-tas,TRUE,Showroom with Product Display,-41.4347551,147.1350317
Harvey Norman Marion,826 Marion Road,Marion,South Australia,5043,Australia,(08) 8375 7777,,https://stores.harveynorman.com.au/harvey-norman-marion-sa,TRUE,Showroom with Product Display,-35.0118082,138.5573413
Harvey Norman Cannington,1363 Albany Highway,Cannington,Western Australia,6107,Australia,(08) 9311 1100,,https://stores.harveynorman.com.au/harvey-norman-cannington,TRUE,Showroom with Product Display,-32.0200177,115.9351585
Harvey Norman Fyshwick,Cnr Barrier & Ipswich Sts,Fyshwick,Australian Capital Territory,2609,Australia,02-6202-2000,,,TRUE,Showroom with Product Display,-35.3233205,149.1693652
Harvey Norman @ Domanye Fyshwick,80 Collie St,Fyshwick 2609,Australian Capital Territory,2609,Australia,02-6126-2500,,,FALSE,,-35.3306626,149.1799068
Harvey Norman Auburn,250 Parramatta Rd,Auburn,New South Wales,2144,Australia,02-9202-4888,,,FALSE,,-33.8405224,151.0327624
Harvey Norman @ Domanye Auburn,103 Parramatta Rd,Auburn,New South Wales,2144,Australia,02-8748-4200,,,FALSE,,-33.8443246,151.0414757
Harvey Norman Balgowlah,176-190 Condamine St,Balgowlah,New South Wales,2093,Australia,02-9949-0100,,,TRUE,Showroom with Product Display,-33.7889955,151.2664429
Harvey Norman @ Domanye Belrose,4-6 Niangala Close,Belrose,New South Wales,2085,Australia,02-9479-8800,,,FALSE,,-33.7038889,151.2130023
Harvey Norman Blacktown,Cnr Blacktown & Bundarribee Rds,Blacktown,New South Wales,2148,Australia,02-8822-8400,,,FALSE,,-33.7660982,150.9126927
Harvey Norman Bondi Junction,"Shop 5016 - 5017, Westfield Shoppingtown",Bondi Junction,New South Wales,2022,Australia,02-8305-8800,,,FALSE,,-33.8928168,151.2551822
Harvey Norman Broadway,"Shop 119, Brdway Shopping Centre",Alexandria,New South Wales,2015,Australia,02-9219-5218,,,FALSE,,-33.8837417,151.194767
Harvey Norman Campbelltown,22a Blaxland Rd,Campbelltown,New South Wales,2560,Australia,02-4621-5200,,,TRUE,Showroom with Product Display,-34.0579302,150.8182366
Harvey Norman Caringbah,41-49 Willarong Rd,Taren Poin,New South Wales,2229,Australia,02-9589-8812,,,TRUE,Showroom with Product Display,-34.0294563,151.1212476
Harvey Norman Castle Hill,Cnr Showground Rd & Victoria Ave,Castle Hill,New South Wales,2154,Australia,02-9840-8800,,,TRUE,Showroom with Product Display,-33.7264817,150.9904056
Harvey Norman Gordon,"1st Floor, 802-808 Pacific Hwy",Gordon,New South Wales,2072,Australia,02-9496-9221,,,FALSE,,-33.7550876,151.1519557
Harvey Norman Erina,"Harvey Norman Shopping Complex, Karalta Lane",Erina,New South Wales,2250,Australia,02-4365-9500,,,FALSE,,-33.4368825,151.3863509
Harvey Norman Hornsby,"Westfield Hornsby, Cnr Florence & Muriel Lane",Hornsby,New South Wales,2077,Australia,02-9457-4400,,,FALSE,,-33.7036208,151.1020928
Harvey Norman @ Domanye Gosford,400 Manns Rd,West Gosford,New South Wales,2250,Australia,02-4337-4800,,,FALSE,,-33.4266158,151.3194718
Harvey Norman Liverpool,"Liverpool Mega Centre, 2-18 Orangegrove Rd",Liverpool,New South Wales,2170,Australia,02-9600-3333,,,FALSE,,-33.9075901,150.9199196
Harvey Norman Mcgraths Hill,"Shop 6, 264-272 Windsor Rd",Mcgraths Hill,New South Wales,2756,Australia,02-4587-6800,,,FALSE,,-33.6281869,150.8383494
Harvey Norman Moore Park,"North Supacenta, Cnr South Dowling St & Dacey Ave",Moore Park,New South Wales,2021,Australia,02-9662-9888,,,TRUE,Showroom with Product Display,-33.9030724,151.2150253
Harvey Norman @ Domanye North Ryde,"31-35 Epping Rd, North Ryde",North Ryde,New South Wales,2113,Australia,02-9888-8888,,,TRUE,Showroom with Product Display,-33.7920728,151.1327142
Harvey Norman Penrith,Cnr Mulgoa Rd & Wolseley Sts,Penrith,New South Wales,2750,Australia,02-4737-5111,,,TRUE,Showroom with Product Display,-33.7716731,150.6723504
Harvey Norman Albury,Unit 7/94 Borella Rd,Albury,New South Wales,2640,Australia,02-6023-0800,,,FALSE,,-36.0753839,146.9450878
Harvey Norman Armidale,"Shop 8, Girraween Shopping Ctr, Queen Elizabeth Dr",Armidale,New South Wales,2320,Australia,02-6771-0800,,,FALSE,,-30.5022,151.6473311
Harvey Norman Ballina,26 Boeing Avenue,Ballina,New South Wales,2478,Australia,02-6620-5300,,,FALSE,,-28.8452057,153.5583886
Harvey Norman Bathurst,Cnr Sydney Rd & Ashworth Drv,Bathurst,New South Wales,2795,Australia,02-6332-8800,,,FALSE,,-33.4212873,149.6351819
Harvey Norman Coffs Harbour,252 Pacific Hwy,Coffs Harbour,New South Wales,2450,Australia,02-6653-0300,,,FALSE,,-30.2813189,153.1289811
Harvey Norman Dubbo,223 Cobra St,Dubbo,New South Wales,2830,Australia,02-6826-8800,,,FALSE,,-32.2569086,148.6226984
Harvey Norman Forster,29 Breese Pde,Forster,New South Wales,2428,Australia,02-6554-5700,,,FALSE,,-32.1998108,152.523808
Harvey Norman Goulburn,180-186 Auburn St,Goulburn,New South Wales,2580,Australia,02-4824-3000,,,TRUE,Showroom with Product Display,-34.7546618,149.7178547
Harvey Norman Grafton,125 Prince St,Grafton,New South Wales,2460,Australia,02-6640-1500,,,FALSE,,-29.6875341,152.9348427
Harvey Norman Griffith,Cnr Willandra & Jondaryan Ave,Griffith,New South Wales,2680,Australia,02-6961-0300,,,FALSE,,-34.2934628,146.0417123
Harevy Norman @ Domanye Kotara,18 Bradford Close,Kotara,New South Wales,2289,Australia,02-4941-3900,,,FALSE,,-32.9381417,151.7086683
Harvey Norman Lakehaven,59-83 Pacific Hwy,Lakehaven,New South Wales,2263,Australia,02-4394-6000,,,FALSE,,-33.2428302,151.5019157
Harvey Norman Lismore,17 Zadoc St,Lismore,New South Wales,2480,Australia,02-6623-1400,,,FALSE,,-28.805982,153.2795923
Harvey Norman Lithgow,175 Main St,Lithgow,New South Wales,2790,Australia,02-6351-2321,,,FALSE,,-33.4823641,150.1547083
Harvey Norman Maitland,"Unit 1, 366 New England Hwy",Rutherford,New South Wales,2320,Australia,02-4932-2800,,,FALSE,,-32.7103567,151.5094068
Harvey Norman Newcastle,7 Abdon Close,Bennetts Green,New South Wales,2290,Australia,02-4944-5000,,,TRUE,Showroom with Product Display,-32.9942474,151.6889652
Harvey Norman Nowra,Cnr Central Ave & Princess Hwy,South Nowra,New South Wales,2540,Australia,02-4421-1300,,,FALSE,,-34.9137979,150.5985224
Harvey Norman Orange,Unit 1 Orange Grove Homemakers Centre,Orange,New South Wales,2800,Australia,02-6393-2222,,,FALSE,,-33.2792017,149.0582632
Harvey Norman Port Macquarie,160-174 Hastings River Drv,Port Macquarie,New South Wales,2444,Australia,02-6580-0000,,,FALSE,,-31.426679,152.8766256
Harvey Norman Port Stephens,"Port Stephens Homemaker Centre, Shop 1/60 Port Stephens Drive",Taylors Beach,New South Wales,2316,Australia,02-4919-3100,,,FALSE,,-32.7551241,152.0705346
Harvey Norman Tamworth,43 The Ringers Rd,Tamworth,New South Wales,2340,Australia,02-6765-1100,,,FALSE,,-31.1289959,150.9200559
Harvey Norman Tura Beach,1 Tura Beach Drive,Tura Beach,New South Wales,2548,Australia,02-6497-4100,,,FALSE,,-36.8622002,149.9137082
Harvey Norman Tweed Heads,29-41 Greenway Drv,Tweed Heads,New South Wales,2486,Australia,07-5524-0103,,,FALSE,,-28.2051695,153.5362661
Harvey Norman Wagga Wagga,7-23 Hammond Ave,Wagga Wagga,New South Wales,2650,Australia,02-6933-7000,,,FALSE,,-35.119225,147.3805326
Harvey Norman Warrawong,157-161 King St,Warrawong,New South Wales,2650,Australia,02-4223-8800,,,TRUE,Showroom with Product Display,-34.4846129,150.8804891
Harvey Norman Alice Springs,1 Colson St,Alice Springs,Northern Territory,870,Australia,08-8950-4000,,,FALSE,,-23.6959573,133.877321
Harvey Norman Darwin,644 Stuart Hwy,Berrimah,Northern Territory,828,Australia,08-8922-4111,,,FALSE,,-12.4327189,130.9184455
Harvey Norman Aspley,1411-1419 Gympie Rd,Aspley,Queensland,4034,Australia,07-3834-1100,,,TRUE,Showroom with Product Display,-27.3596618,153.0171932
Harvey Norman Booval,214 Brisbane Road,Booval,Queensland,4304,Australia,07-3280-7400,,,FALSE,,-27.6111935,152.7972475
Harvey Norman Browns Plains,18 Commerce Drv,Browns Plains,Queensland,4113,Australia,07-3380-0600,,,FALSE,,-27.6655679,153.0449771
Harvey Norman @domanye Bundall,29-45 Ashmore Rd,Bundall,Queensland,4217,Australia,07-5553-2100,,,FALSE,,-28.0097927,153.4071636
Harvey Norman Burleigh Waters,1 Santa Maria Crt,Burleigh Waters,Queensland,4220,Australia,07-5586-2000,,,TRUE,Showroom with Product Display,-28.0760907,153.423256
Harvey Norman Capalaba,38-62 Moreton Bay Rd,Capalaba,Queensland,4157,Australia,07-3362-6244,,,FALSE,,-27.5229561,153.1946142
Harvey Norman Carindale,"Shop 1 Homemaker Ctr, Cnr Carindale St & Old Cleveland Rd",Carindale,Queensland,4152,Australia,07-3398-0600,,,TRUE,Showroom with Product Display,-27.5198367,153.1125044
Harvey Norman Everton Park,429 South Pine Rd,Everton Park,Queensland,4053,Australia,07-3550-4444,,,FALSE,,-27.4094253,152.9932357
Harvey Norman Fortitude Valley,"Shop 1, Homemaker Centre",Fortitude Valley,Queensland,4006,Australia,07-3620-6600,,,TRUE,Showroom with Product Display,-27.457826,153.0356579
Harvey Norman Garden City,"Shop 2135, 2049 Logan Rd",Upper Mount Gravatt,Queensland,4122,Australia,07-3347-7000,,,TRUE,Showroom with Product Display,-27.564135,153.0836617
Harvey Norman Loganholme,3878-3892 Pacific Hwy,Loganholme,Queensland,4129,Australia,07-3440-9200,,,FALSE,,-27.6640967,153.1744802
Harvey Norman Maryborough,72-74 Bazaar St,Maryborough,Queensland,4650,Australia,07-4120-2100,,,FALSE,,-25.542411,152.6993009
Harvey Norman Oxley,2098 Ipswich Rd,Oxley,Queensland,4075,Australia,07-3332-1121,,,TRUE,Showroom with Product Display,-27.566246,152.9857862
Harvey Norman Rothwell,"Unit 1, 439-443 Anzac Ave",Rothwell,Queensland,4022,Australia,07-3897-8840,,,FALSE,,-27.2190319,153.0656945
Harvey Norman Bundaberg,125 Takalvan St,Bundaberg,Queensland,4670,Australia,07-4154-5041,,,FALSE,,-24.8904471,152.3175573
Harvey Norman Cairns,101 Spence St,Cairns,Queensland,4870,Australia,07-4050-0300,,,FALSE,,-16.9291106,145.7719599
Harvey Norman Cannonvale,"Shop B2 Centro Whitsunday, 8 Galbraith Drv",Cannonvale,Queensland,4802,Australia,07-4969-8800,,,FALSE,,-20.2771336,148.6964349
Harvey Norman @ Joyce Mayne Chancellor Park,Showroom 2/30 Chancellor Village Blv,Sippy Downs,Queensland,4556,Australia,07-5477-2201,,,FALSE,,-26.7187557,153.047821
Harvey Norman Dalby,49 Patrick St,Dalby,Queensland,4405,Australia,07-4672-4444,,,FALSE,,-27.1808526,151.2660102
Harvey Norman Emerald,21 Ballard Street,Emerald,Queensland,4720,Australia,07-4986-8100,,,FALSE,,-23.5666751,148.1683816
Harvey Norman Gladstone,"Shop 1b, Centro Centre, 220 Dawson Hwy",Gladstone,Queensland,4680,Australia,07-4971-5000,,,FALSE,,-23.8771511,151.226956
Harvey Norman Hervey Bay,33-45 Maryborough Rd,Hervey Bay,Queensland,4655,Australia,07-4120-1100,,,FALSE,,-25.2881539,152.7676633
Harvey Norman Innisfail,57 Ernest St,Innisfail,Queensland,4860,Australia,07-4063-5200,,,FALSE,,-17.5251667,146.0285691
Harvey Norman Mackay,Cnr Bruce Hwy & Heath'S Rd,Mackay,Queensland,4740,Australia,07-4951-8800,,,FALSE,,-21.1418611,149.1707025
Harvey Norman Maroochydore,11-55 Maroochy Boulevard,Maroochydore,Queensland,4558,Australia,07-5452-1500,,,TRUE,Showroom with Product Display,-26.6602963,153.0837537
Joyce Mayne Maroochydore,"Tenancy 15, 11-55 Maroochy Bvd",Maroochydore,Queensland,4558,Australia,07-5475-1821,,,TRUE,Showroom with Product Display,-26.6602963,153.0837537
Harvey Norman Morayfield,"Lot 8, Cnr Station & Morayfield Rd",Morayfield,Queensland,4506,Australia,07-5428-8000,,,FALSE,,-27.1053809,152.9476706
Harvey Norman Rockhampton,396 - 398 Yaamba Rd,Rockhampton,Queensland,4700,Australia,07-4923-5000,,,FALSE,,-23.3444006,150.5224188
Harvey Norman Toowoomba,"910-932 Ruthven St, Qld 4350",Toowoomba,Queensland,4350,Australia,07-4636-7308,,,FALSE,,-27.597042,151.947754
Harvey Norman Townsville,103-142 Duckworth St,Garbutt,Queensland,4814,Australia,07-4775-8800,,,FALSE,,-19.2777134,146.756478
Harvey Norman Warwick Qld,Cnr Palmerin & Victoria Sts,Warwick,Queensland,4370,Australia,07-4666-9000,,,FALSE,,-28.2137979,152.0306591
Harvey Norman City Cross,"L1, 50 City Cross Arcade",Adelaide,South Australia,5000,Australia,08-8168 8800,,,FALSE,,-34.9239441,138.6009838
Harvey Norman Gepps Cross,750 Main North Rd,Enfield,South Australia,5085,Australia,08-8342-8888,,,TRUE,Showroom with Product Display,-34.8394853,138.6054999
Harvey Norman Mt Barker,"6 Dutton Rd, Adelaide Hills Homemaker Centre",Mt Barker,South Australia,5251,Australia,08-8393-0800,,,FALSE,,-35.0676401,138.8655266
Harvey Norman Munno Para,Lot 2005 Main North Rd,Smithfield,South Australia,5114,Australia,08-8254-0700,,,TRUE,Showroom with Product Display,-34.6891583,138.6880678
Harvey Norman Noarlunga,3/2 Seaman Drv,Noarlunga,South Australia,5168,Australia,08-8329-5400,,,FALSE,,-35.1402664,138.5023679
Harvey Norman Port Lincoln,Crn Verran Terrace & St Andrews Terrace,Port Lincoln,South Australia,5606,Australia,08-8683-7700,,,FALSE,,-34.7353895,135.8546276
Harvey Norman Woodville,853 - 867 Port Rd,Woodville,South Australia,5011,Australia,08-8406-0130,,,TRUE,Showroom with Product Display,-34.8757544,138.5307948
Harvey Norman Burnie,45 Marine Tce & Edward St,Burnie,Tasmania,7320,Australia,03-6436-8800,,,FALSE,,-41.0589271,145.9086739
Harvey Norman Cambridge Park,"Unit B11, 66 Kennedy Drv",Cambridge Park,Tasmania,7170,Australia,03-6248-3300,,,FALSE,,-42.8334593,147.4678631
Harvey Norman Devonport,Cnr Fenton Way & Best St,Devonport,Tasmania,7310,Australia,03-6420-7641,,,FALSE,,-41.1770929,146.3587759
Harvey Norman Hobart City,171 Murray St,Hobart,Tasmania,7000,Australia,03-6230-1100,,,FALSE,,-42.8798382,147.3215074
Harvey Norman Moonah,191-197 Main Rd,Moonah,Tasmania,7009,Australia,03-6277-7777,,,FALSE,,-42.8403949,147.2909511
Harvey Norman Chadstone,699 Warrigal Rd,Chadstone,Victoria,3148,Australia,03-9567-6608,,,TRUE,Showroom with Product Display,-37.8794367,145.0923891
Harvey Norman Chirnside Park,286 Maroondah Hwy,Chirnside Park,Victoria,3138,Australia,03-9722-4400,,,FALSE,,-37.7673244,145.3030743
Harvey Norman Dandenong,141-165 Frankston-Dandenong Rd,Dandenong,Victoria,3175,Australia,03-9706-9992,,,TRUE,Showroom with Product Display,-38.0135927,145.2166974
Harvey Norman Fountain Gate,8 Overland Drv,Narre Warren,Victoria,3085,Australia,03-8796-6777,,,TRUE,Showroom with Product Display,-38.021811,145.3055367
Harvey Norman Frankston,87 Cranbourne Rd,Frankston,Victoria,3199,Australia,03-8796-0600,,,TRUE,Showroom with Product Display,-38.146767,145.1353915
Harvey Norman Hoppers Crossing,"Unit 1, 201-219 Old Geelong Rd",Hopppers Crossing,Victoria,3029,Australia,03-8734-0000,,,FALSE,,-37.8749084,144.7109985
Harvey Norman Moorabbin,420 South Rd,Moorabbin,Victoria,3189,Australia,03-9269-3460,,,TRUE,Showroom with Product Display,-37.9348984,145.0419304
Harvey Norman Mornington,"Building C3, Peninsula Lifestyle Cnte",Mornington,Victoria,3031,Australia,03-5970-2500,,,TRUE,Showroom with Product Display,-38.22882,145.0600448
Harvey Norman Nunawading,400 Whitehorse Rd,Nunawading,Victoria,3131,Australia,03-9837-1200,,,TRUE,Showroom with Product Display,-37.818179,145.1816117
Harvey Norman Preston,121 Bell St,Preston,Victoria,3072,Australia,03-9269-3300,,,TRUE,Showroom with Product Display,-37.7457943,145.0086739
Harvey Norman Richmond,479 Bridge Rd,Richmond,Victoria,3131,Australia,03-8416-4100,,,TRUE,Showroom with Product Display,-37.8239091,145.1762197
Harvey Norman Springvale,Unit 26/917 Princes Hwy,Springvale,Victoria,3171,Australia,03-9518-8531,,,FALSE,,-37.9275833,145.1438245
Harvey Norman Sunshine,484 Ballarat Rd,Sunshine,Victoria,3020,Australia,03-9334-6000,,,FALSE,,-37.7756787,144.828095
Harvey Norman Thomastown,308-320 Settlement Rd,Thomastown,Victoria,3074,Australia,03-9463-4777,,,FALSE,,-37.6877106,145.0271182
Harvey Norman Taylors Lakes,450 Melton Hwy,Taylors Lakes,Victoria,3038,Australia,03 9449 6300,,,FALSE,,-37.6953575,144.7770825
Harvey Norman Ararat,47-49 Vincent Street,Ararat,Victoria,3377,Australia,03-5352-9100,,,FALSE,,-37.2853346,142.9302172
Harvey Norman Bairnsdale,294 Main Rd,Bairnsdale,Victoria,3875,Australia,03-5153-9700,,,FALSE,,-37.8365866,147.5993731
Harvey Norman Ballarat,1322 Howitt St,Wendouree,Victoria,3355,Australia,03-5332-5100,,,FALSE,,-37.538571,143.8228902
Harvey Norman Bendigo,Cnr High & Furness St,Kangaroo Flat,Victoria,3555,Australia,03-5447-6000,,,FALSE,,-36.7968388,144.2438821
Harvey Norman Broadmeadows,1185-1197 Pascoe Vale Rd,Broadmeadows,Victoria,3047,Australia,03-9261-2800,,,FALSE,,-37.6767819,144.9209957
Harvey Norman Echuca,161-163 Ogilvie St,Echuca,Victoria,3564,Australia,03-5483-1900,,,FALSE,,-36.1404431,144.7511231
Harvey Norman Geelong,420 Princess Hwy,Corio,Victoria,3214,Australia,03-5272-9900,,,FALSE,,-38.0675269,144.3806694
Harvey Norman Hamilton,"Shop 10, Hamilton Central Plaza, 148 Gray St",Hamilton,Victoria,3300,Australia,03-5551-3500,,,FALSE,,-37.7434483,142.0245077
Harvey Norman Mildura,Cnr Fifteenth St & Etiwanda Ave,Mildura,Victoria,3500,Australia,03-5051-2200,,,FALSE,,-34.2256343,142.1590037
Harvey Norman Moe,19 Moore St,Moe,Victoria,3825,Australia,03-5127-9500,,,FALSE,,-38.1740589,146.2617608
Harvey Norman Morwell,232 Commercial Road,Morwell,Victoria,3840,Australia,03-5120-0200,,,FALSE,,-38.2380161,146.3991671
Harvey Norman Shepparton,7950 Goulburn Valley Hwy,Shepparton,Victoria,3630,Australia,03-5820-2950,,,FALSE,,-36.4149458,145.3930089
Harvey Norman Swan Hill,68 Nyah Rd,Swan Hill,Victoria,3585,Australia,03-5032-0500,,,FALSE,,-35.332087,143.5545199
Harvey Norman Traralgon,123 Argyle St,Traralgon,Victoria,3844,Australia,03-5174-8177,,,FALSE,,-38.1928529,146.5530898
Harvey Norman Wangaratta,8-12 Murphy St,Wangaratta,Victoria,3677,Australia,03-5723-8800,,,FALSE,,-36.3566059,146.3250165
Harvey Norman Warragul,"6, 9 & 11, the Link Shopping Centre, Cnr Victoria & Palmerston St",Warragul,Victoria,3820,Australia,03-5623-9000,,,FALSE,,-38.1692482,145.9469958
Harvey Norman Warrnambool,84 Raglan Parade,Warnnambool,Victoria,3280,Australia,03-5564-7700,,,FALSE,,-38.3829014,142.5233578
Harvey Norman Waurn Ponds,33 Princes Hwy,Waurn Ponds,Victoria,3219,Australia,03-5240-6200,,,FALSE,,-38.2048558,144.3079523
Harvey Norman City West,25 Sutherland St,West Perth,Western Australia,6005,Australia,08-9215-8600,,,FALSE,,-31.9443205,115.8464462
Harvey Norman Joondalup,36 Clarke Cres,Joondalup,Western Australia,6027,Australia,08-9301-3311,,,FALSE,,-31.7490786,115.7662203
Harvey Norman Malaga,24 Kent Way,Malaga,Western Australia,6090,Australia,08-9270-6300,,,FALSE,,-31.8554761,115.8933973
Harvey Norman Midland,Cnr Lloyd & Clayton Sts,Midland,Western Australia,6056,Australia,08-9374-8600,,,FALSE,,-31.8918569,116.0134727
Harvey Norman O'Connor,133 Garling St,O'Connor,Western Australia,6163,Australia,08-9337-0888,,,FALSE,,-32.0576656,115.7943418
Harvey Norman Osborne Park,469-475 Scarborough Beach Rd,Osborne Park,Western Australia,6017,Australia,08-9441-1100,,,TRUE,Showroom with Product Display,-31.9054375,115.8072508
Harvey Norman Port Kennedy,400-402 Saltaire Way,Port Kennedy,Western Australia,6172,Australia,08-9524-0100,,,FALSE,,-32.3727541,115.7564225
Harvey Norman Armadale,10 Prospect Rd,Armadale,Western Australia,6112,Australia,08-9498-4400,,,FALSE,,-32.1515645,116.0140386
Harvey Norman Broome,2 Haynes Street,Broome,Western Australia,6725,Australia,08-9193-5030,,,FALSE,,-17.9649171,122.2227991
Harvey Norman Bunbury,Cnr Sandridge & Denning Rds,Bunbury,Western Australia,6230,Australia,08-9722-0100,,,FALSE,,-33.3270001,115.6408421
Harvey Norman Karratha,Unit 5 Lot 3818 Balmoral Rd,Karratha,Western Australia,6714,Australia,08-9186-8120,,,FALSE,,-20.7357896,116.842455
Harvey Norman Mandurah,9 Gordan Rd,Mandurah,Western Australia,6210,Australia,08-9582-5800,,,FALSE,,-32.5361038,115.7424077