name,info,imageUrl,openingHours,country,city,zipCode,address,province,lat,lon,phone,fax,email,website,facebook,google,linkedin,instagram,twitter,tags,priority,createdAt,dealerEditUrl
"Tradelink Airlie Beach",,,,"Australia","Airlie Beach","4800","Galbraith Park Drive","Queensland","-20.2918941","148.6703275","07 4847 5220",,"airliebeach@tradelink.com.au",,,,,,,,,"2023-02-07T15:31:37.000Z",
"Tradelink Albany",,,,"Australia","Albany","6330","Lockyer Avenue 137","Western Australia","-35.013872","117.885146","08 9729 4320",,"albany@tradelink.com.au",,,,,,,,,"2023-02-07T15:31:37.000Z",
"Tradelink Albert Park",,,,"Australia",,"5014","966 Port Rd, Albert Park","South Australia","-34.8758","138.526452","08 8193 7940",,"albertpark@tradelink.com.au",,,,,,,"Showroom with Product Display",,"2023-02-07T15:31:37.000Z",
"Tradelink Albury",,,,"Australia","Albury","2641","Urana Road 351","New South Wales","-36.04894","146.93071","02 6092 2500",,"albury@tradelink.com.au",,,,,,,,,"2023-02-07T15:31:37.000Z",
"Tradelink Alexandria (incl Civil)",,,,"Australia","Sydney","2015","Bourke Road 69a","New South Wales","-33.91602","151.189512","02 9305 9050",,"alexandria@tradelink.com.au",,,,,,,,,"2023-02-07T15:31:37.000Z",
"Tradelink Balcatta",,,,"Australia","Perth","6021","Bendsten Place 6","Western Australia","-31.858028","115.80626","08 9416 9620",,"balcatta@tradelink.com.au",,,,,,,,,"2023-02-07T15:31:37.000Z",
"Tradelink Batemans Bay",,,,"Australia","Batemans Bay","2536","Vesper Street","New South Wales","-35.7091164","150.173418","02 4276 7220",,"batemansbay@tradelink.com.au",,,,,,,,,"2023-02-07T15:31:37.000Z",
"Tradelink Bathurst",,,,"Australia","Bathurst","2795","Russell Street 167","New South Wales","-33.420798","149.582276","02 6330 7800",,"bathurst@tradelink.com.au",,,,,,,,,"2023-02-07T15:31:37.000Z",
"Tradelink Bayswater",,,,"Australia","Melbourne","3153","Canterbury Road 280","Victoria","-37.830749","145.272124","03 8773 3420",,"bayswater@tradelink.com.au",,,,,,,"Showroom with Product Display",,"2023-02-07T15:31:37.000Z",
"Tradelink Bega",,,,"Australia","Bega","2550","Auckland Street 82","New South Wales","-36.673069","149.841371","02 4276 7240",,"bega@tradelink.com.au",,,,,,,,,"2023-02-07T15:31:37.000Z",
"Tradelink Belmont",,,,"Australia","Perth","6104","Belgravia Street 94","Western Australia","-31.9492","115.928452","08 9260 2640",,"belmont@tradelink.com.au",,,,,,,,,"2023-02-07T15:31:37.000Z",
"Tradelink Berrimah",,,,"Australia","Darwin","0828","Stuart Highway","Northern Territory","-12.4321466","130.917747680591","08 8995 8020",,"berrimah@tradelink.com.au",,,,,,,,,"2023-02-07T15:31:37.000Z",
"Tradelink Bowen Hills",,,,"Australia","Brisbane","4006","Montpelier Road 74","Queensland","-27.449301","153.039423","07 3850 2320",,"bowenhills@tradelink.com.au",,,,,,,"Showroom with Product Display",,"2023-02-07T15:31:37.000Z",
"Tradelink Brendale",,,,"Australia","Brisbane","4500","South Pine Road","Queensland","-27.31357","152.9853841","07 3513 5020",,"brendale@tradelink.com.au",,,,,,,,,"2023-02-07T15:31:37.000Z",
"Tradelink Broadmeadow",,,,"Australia","Newcastle","2292","Lambton Road 142","New South Wales","-32.923039","151.725259","02 4088 4600",,"broadmeadow@tradelink.com.au",,,,,,,,,"2023-02-07T15:31:37.000Z",
"Tradelink Brookvale",,,,"Australia","Sydney","2100","Brookvale Avenue","New South Wales","-33.7621989","151.2662742","02 9666 2840",,"brookvale@tradelink.com.au",,,,,,,,,"2023-02-07T15:31:37.000Z",
"Tradelink Broome",,,,"Australia","Broome","6725","Clementson Street 18","Western Australia","-17.971856","122.220229","08 9194 5700",,"broome@tradelink.com.au",,,,,,,,,"2023-02-07T15:31:37.000Z",
"Tradelink Bunbury",,,,"Australia","Bunbury","6230","Albert Lane","Western Australia","-33.3347484","115.6473761","08 9729 4300",,"bunbury@tradelink.com.au",,,,,,,,,"2023-02-07T15:31:37.000Z",
"Tradelink Bundaberg",,,,"Australia","Bundaberg","4670","Bargara Road","Queensland","-24.85575285","152.37416495","07 4331 5100",,"bundaberg@tradelink.com.au",,,,,,,,,"2023-02-07T15:31:37.000Z",
"Tradelink Burleigh",,,,"Australia","Gold Coast","4220","Newcastle Street 12","Queensland","-28.102138","153.424308","07 5558 4520",,"burleigh@tradelink.com.au",,,,,,,"Showroom with Product Display",,"2023-02-07T15:31:37.000Z",
"Tradelink Byron Bay",,,,"Australia","Byron Bay","2481","Banksia Lane","New South Wales","-28.67432255","153.61248745","02 6691 6720",,"byronbay@tradelink.com.au",,,,,,,,,"2023-02-07T15:31:37.000Z",
"Tradelink Caboolture",,,,"Australia","Brisbane","4510","Torrens Road 8","Queensland","-27.096114","152.940124","07 5470 3820",,"caboolture@tradelink.com.au",,,,,,,,,"2023-02-07T15:31:37.000Z",
"Tradelink Cairns Anderson St (incl Civil)",,,,"Australia","Cairns","4870","Anderson Street 130","Queensland","-16.915757","145.743969","07 4058 5800",,"anderson@tradelink.com.au",,,,,,,,,"2023-02-07T15:31:37.000Z",
"Tradelink Camp Hill",,,,"Australia","Brisbane","4152","Old Cleveland Road 472","Queensland","-27.491485","153.067313","07 3850 2380",,"camphill@tradelink.com.au",,,,,,,,,"2023-02-07T15:31:37.000Z",
"Tradelink Campbelltown (incl Civil)",,,,"Australia","Sydney","2560","Airds Road 175","New South Wales","-34.047506","150.830854","02 4726 4840",,"campbelltown@tradelink.com.au",,,,,,,,,"2023-02-07T15:31:37.000Z",
"Tradelink Canning Vale",,,,"Australia","Perth","6155","Bannister Road 176","Western Australia","-32.059557","115.908985","08 9234 3520",,"canningvale@tradelink.com.au",,,,,,,,,"2023-02-07T15:31:37.000Z",
"Tradelink Capalaba",,,,"Australia","Brisbane","4157","Redland Bay Road 120","Queensland","-27.530041","153.197471","07 3086 7540",,"capalaba@tradelink.com.au",,,,,,,"Showroom with Product Display",,"2023-02-07T15:31:37.000Z",
"Tradelink Carrum Downs",,,,"Australia","Melbourne","3201","Levida Drive 5","Victoria","-38.098084","145.169429","03 5984 6460",,"carrumdowns@tradelink.com.au",,,,,,,"Showroom with Product Display",,"2023-02-07T15:31:37.000Z",
"Tradelink Castle Hill Showroom",,,,"Australia","Castle Hill Showroom","2154","Unit 4, 19 Victoria Avenue, Castle Hill 2154","New South Wales","-33.733091228711","150.98128460347655","02 8848 6220",,,,,,,,,"Showroom with Product Display",,"2023-02-07T15:31:37.000Z",
"Tradelink Centenary",,,,"Australia","Brisbane","4074","Sumner Road","Queensland","-27.5614901","152.9327106","07 3819 6320",,"centenary@tradelink.com.au",,,,,,,,,"2023-02-07T15:31:37.000Z",
"Tradelink Clontarf",,,,"Australia","Brisbane","4019","Macdonnell Road 303","Queensland","-27.23424","153.083366","07 3513 5040",,"clontarf@tradelink.com.au",,,,,,,"Showroom with Product Display",,"2023-02-07T15:31:37.000Z",
"Tradelink Coconut Grove",,,,"Australia","Coconut Grove","820",,"Northern Territory","-19.415441967488","133.366550956497","08 8995 8080",,"coconutgrove@tradelink.com.au",,,,,,,,,"2023-02-07T15:31:37.000Z",
"Tradelink Coffs Harbour",,,,"Australia","Coffs Harbour","2450","Marcia Street 28","New South Wales","-30.289783","153.117439","02 6691 6700",,"coffsharbour@tradelink.com.au",,,,,,,,,"2023-02-07T15:31:37.000Z",
"Tradelink Coopers Plains",,,,"Australia","Brisbane","4108","Boniface Street 17","Queensland","-27.559645","153.019511","07 3086 7580",,"coopersplains@tradelink.com.au",,,,,,,,,"2023-02-07T15:31:37.000Z",
"Tradelink Dandenong",,,,"Australia","Dandenong","3175","324 Frankston Dandenong Road","Victoria","-37.989929000000004","145.209808","03 9790 4000
Civil -
03 9790 4",,"dandenong@tradelink.com.au
dandenongcivil@tradelink.com.au",,,,,,,,,"2023-02-07T15:31:37.000Z",
"Tradelink Devonport",,,,"Australia","Devonport","7310","Don Road 9","Tasmania","-41.179858","146.339547","03 6222 4940",,"devonport@tradelink.com.au",,,,,,,"Showroom with Product Display",,"2023-02-07T15:31:37.000Z",
"Tradelink Enoggera",,,,"Australia","Brisbane","4051","68-72 Pickering Street","Queensland","-27.4192947","152.9909846","07 3513 5000",,"enoggera@tradelink.com.au",,,,,,,"Showroom with Product Display",,"2023-02-07T15:31:37.000Z",
"Tradelink Erina",,,,"Australia","Erina","2156","Aston Road 4","New South Wales","-33.680614","150.984251","02 4343 6900",,"erina@tradelink.com.au",,,,,,,,,"2023-02-07T15:31:37.000Z",
"Tradelink Essendon",,,,"Australia","Melbourne","3040","505 Keilor Rd Niddrie","Victoria","-37.745385","144.910651","03 8405 6180",,"essendon@tradelink.com.au",,,,,,,"Showroom with Product Display",,"2023-02-07T15:31:37.000Z",
"Tradelink Fairfield",,,,"Australia","Fairfield","4811",,"Queensland","-22.572791380262","144.550390100876","07 4847 5280",,"fairfield@tradelink.com.au",,,,,,,,,"2023-02-07T15:31:37.000Z",
"Tradelink Forster",,,,"Australia","Forster","2428","Commerce Court 2","New South Wales","-32.196616","152.524652","02 6537 9520",,"forster@tradelink.com.au",,,,,,,,,"2023-02-07T15:31:37.000Z",
"Tradelink Fyshwick",,,,"Australia","Canberra","2609","Barrier Street 66","Australian Capital Territory","-35.328492","149.172295","02 6132 9420",,"fyshwick@tradelink.com.au",,,,,,,,,"2023-02-07T15:31:37.000Z",
"Tradelink Geelong South (incl Civil)",,,,"Australia","Geelong","3220","Fyans Street 133","Victoria","-38.163971","144.363487","03 5247 7100",,"geelongsouth@tradelink.com.au",,,,,,,"Showroom with Product Display",,"2023-02-07T15:31:37.000Z",
"Tradelink Gladstone",,,,"Australia","Gladstone","4680","Hanson Road 80","Queensland","-23.840445","151.247329","07 4331 5160",,"gladstone@tradelink.com.au",,,,,,,,,"2023-02-07T15:31:37.000Z",
"Tradelink Goulburn",,,,"Australia","Goulburn","2580",,"New South Wales","-34.752387","149.719801","02 4829 3000",,"goulburn@tradelink.com.au",,,,,,,,,"2023-02-07T15:31:37.000Z",
"Tradelink Grafton",,,,"Australia","Grafton","2460","Queen Street 50","New South Wales","-29.687681","152.933291","02 6691 6740",,"grafton@tradelink.com.au",,,,,,,,,"2023-02-07T15:31:37.000Z",
"Tradelink Gympie",,,,"Australia","Gympie","4570","Mellor Street 80","Queensland","-26.187238","152.668946","07 5470 3860",,"gympie@tradelink.com.au",,,,,,,,,"2023-02-07T15:31:37.000Z",
"Tradelink Hervey Bay",,,,"Australia","Hervey Bay","4655","Islander Road 103","Queensland","-25.285653","152.831233","07 4331 5120",,"pialba@tradelink.com.au",,,,,,,,,"2023-02-07T15:31:37.000Z",
"Tradelink Hobart",,,,"Australia","Hobart","7000","Burnett Street 48","Tasmania","-42.874137","147.318684","03 6222 4900",,"hobart@tradelink.com.au",,,,,,,"Showroom with Product Display",,"2023-02-07T15:31:37.000Z",
"Tradelink Inverell",,,,"Australia","Inverell","2360","Byron Street 216-218","New South Wales","-29.770331","151.11576","02 6537 9560",,"inverell@tradelink.com.au",,,,,,,,,"2023-02-07T15:31:37.000Z",
"Tradelink Ipswich",,,,"Australia","Brisbane","4305","Pound Street 2","Queensland","-27.622574","152.750363","07 3819 6300",,"ipswich@tradelink.com.au",,,,,,,,,"2023-02-07T15:31:37.000Z",
"Tradelink Joondalup",,,,"Australia","Perth","6027","Franklin Lane","Western Australia","-31.7415366","115.7613207","08 9416 9640",,"joondalup@tradelink.com.au",,,,,,,"Showroom with Product Display",,"2023-02-07T15:31:37.000Z",
"Tradelink Kalgoorlie",,,,"Australia","Kalgoorlie","6430","Boulder Road 150","Western Australia","-30.753416","121.48101","08 9729 4380",,"kalgoorlie@tradelink.com.au",,,,,,,,,"2023-02-07T15:31:37.000Z",
"Tradelink Kunda Park - Showroom",,,,"Australia","Sunshine Beach","4556","Robert Street 16","Queensland","-26.663999","153.044373","0754587400",,,,,,,,,"Showroom with Product Display",,"2023-02-07T15:31:37.000Z",
"Tradelink Launceston",,,,"Australia","Launceston","7249","Howick Street 73","Tasmania","-41.448537","147.142764","03 6222 4980",,"launceston@tradelink.com.au",,,,,,,,,"2023-02-07T15:31:37.000Z",
"Tradelink Lithgow",,,,"Australia","Lithgow","2790","Chifley Road 90","New South Wales","-33.476329","150.174016","02 6330 7820",,"lithgow@tradelink.com.au",,,,,,,,,"2023-02-07T15:31:37.000Z",
"Tradelink Maitland",,,,"Australia","Maitland","2320","Railway Street","New South Wales","-32.737019","151.5528082","02 4088  4620",,"maitland@tradelink.com.au",,,,,,,,,"2023-02-07T15:31:37.000Z",
"Tradelink Mandurah",,,,"Australia","Perth","6210","Fitzgerald Road 30","Western Australia","-32.515339","115.749708","08 9234 3560",,"mandurah@tradelink.com.au",,,,,,,,,"2023-02-07T15:31:37.000Z",
"Tradelink Maryborough",,,,"Australia","Maryborough","4650","Harwood Street 13","Queensland","-25.5304","152.687759","07 4331 5140",,"maryborough@tradelink.com.au",,,,,,,,,"2023-02-07T15:31:37.000Z",
"Tradelink Midvale",,,,"Australia","Perth","6056","Farrall Road 11","Western Australia","-31.89347","116.032461","08 9416 9660",,"midvale@tradelink.com.au",,,,,,,,,"2023-02-07T15:31:37.000Z",
"Tradelink Mitchell",,,,"Australia","Canberra","2911","Brookes Street 62","Australian Capital Territory","-35.217204","149.141386","02 6132 9460",,"mitchell@tradelink.com.au",,,,,,,,,"2023-02-07T15:31:37.000Z",
"Tradelink Mudgee",,,,"Australia","Mudgee","2850","Sydney Road 5","New South Wales","-32.604761","149.598729","02 5776 8740",,"mudgee@tradelink.com.au",,,,,,,"Showroom with Product Display",,"2023-02-07T15:31:37.000Z",
"Tradelink Myaree",,,,"Australia","Perth","6154","Norma Road 62","Western Australia","-32.037719","115.822621","08 9260 2680",,"myaree@tradelink.com.au",,,,,,,"Showroom with Product Display",,"2023-02-07T15:31:37.000Z",
"Tradelink Nerang",,,,"Australia","Gold Coast","4211","Spencer Road 44","Queensland","-28.001998","153.340474","07 5646 2020",,"nerang@tradelink.com.au",,,,,,,"Showroom with Product Display",,"2023-02-07T15:31:37.000Z",
"Tradelink North Lakes",,,,"Australia","Brisbane","4509","Burke Crescent 31","Queensland","-27.229737","153.005304","07 3513 5080",,"northlakes@tradelink.com.au",,,,,,,,,"2023-02-07T15:31:37.000Z",
"Tradelink Nowra",,,,"Australia","Nowra","2541","Princes Highway 170","New South Wales","-34.912361","150.60438","02 4276 7260",,"nowra@tradelink.com.au",,,,,,,,,"2023-02-07T15:31:37.000Z",
"Tradelink Orange",,,,"Australia","Orange","2800","Byng Street 187-191","New South Wales","-33.282132","149.106744","02 6330 7860",,"orange@tradelink.com.au",,,,,,,,,"2023-02-07T15:31:37.000Z",
"Tradelink Osborne Park",,,,"Australia","Perth","6017","Hector Street 76","Western Australia","-31.902267","115.816761","08 9416 9600",,"osbornepark@tradelink.com.au",,,,,,,,,"2023-02-07T15:31:37.000Z",
"Tradelink Oxenford",,,,"Australia","Gold Coast","4210","Pacific Motorway","Queensland","-27.9247746","153.3265825","07 5646 2040",,"oxenford@tradelink.com.au",,,,,,,,,"2023-02-07T15:31:37.000Z",
"Tradelink Penrith",,,,"Australia","Sydney","2750","Coreen Avenue 139","New South Wales","-33.743235","150.694898","02 4726 4800",,"penrith@tradelink.com.au",,,,,,,,,"2023-02-07T15:31:37.000Z",
"Tradelink Port Macquarie",,,,"Australia","Port Macquarie","2444","Acacia Avenue 29","New South Wales","-31.446777","152.890973","02 6537 9540",,"portmacquarie@tradelink.com.au",,,,,,,"Showroom with Product Display",,"2023-02-07T15:31:37.000Z",
"Tradelink Rockdale",,,,"Australia","Sydney","2216","Princes Highway","New South Wales","-33.95747","151.140957","02 9751 5660",,"rockdale@tradelink.com.au",,,,,,,,,"2023-02-07T15:31:37.000Z",
"Tradelink Rockhampton",,,,"Australia","Rockhampton","4701","Yaamba Road (bruce Highway) 411","Queensland","-23.250243","150.497215","07 4847 5260",,"rockhampton@tradelink.com.au",,,,,,,,,"2023-02-07T15:31:37.000Z",
"Tradelink Rockingham",,,,"Australia","Perth","6168","Dixon Road 79","Western Australia","-32.276647","115.763051","08 9234 3580",,"rockingham@tradelink.com.au",,,,,,,"Showroom with Product Display",,"2023-02-07T15:31:37.000Z",
,,,,,,,,,"-38.383381","144.885871","03 5984 6400",,"rosebud@tradelink.com.au",,,,,,,,,"2023-02-07T15:31:37.000Z",
"Tradelink Shepparton",,,,"Australia","Shepparton","3631","Riverview Drive 5","Victoria","-36.408949","145.392345","03 5722 6820",,"shepparton@tradelink.com.au",,,,,,,"Showroom with Product Display",,"2023-02-07T15:31:37.000Z",
"Tradelink Singleton",,,,"Australia","Singleton","2330","Kelso Street 1","New South Wales","-32.573817","151.168841","02 5776 8720",,"singleton@tradelink.com.au",,,,,,,,,"2023-02-07T15:31:37.000Z",
"Tradelink Smithfield",,,,"Australia","Cairns","4878","Mount Koolmoon Street 1-3","Queensland","-16.836417","145.695418","07 4058 5840",,"smithfield@tradelink.com.au",,,,,,,,,"2023-02-07T15:31:37.000Z",
"Tradelink Springfield",,,,"Australia","Brisbane","4300","Commercial Drive 10-22","Queensland","-27.654997","152.919071","07 3819 6340",,"springfield@tradelink.com.au",,,,,,,,,"2023-02-07T15:31:37.000Z",
"Tradelink St Agnes",,,,"Australia","Adelaide","5097","Tolley Road","South Australia","-34.8343833","138.7069199","08 8193 7920",,"stagnes@tradelink.com.au",,,,,,,"Showroom with Product Display",,"2023-02-07T15:31:37.000Z",
"Tradelink St Marys",,,,"Australia","St Marys","2760",,"New South Wales","-32.168971672412","147.014694071448","02 4726 4890",,"stmarysnsw@tradelink.com.au",,,,,,,,,"2023-02-07T15:31:37.000Z",
"Tradelink Tamworth",,,,"Australia","Tamworth","2340","Lockheed Street 9-11","New South Wales","-31.090989","150.909404","02 5776 8780",,"tamworth@tradelink.com.au",,,,,,,"Showroom with Product Display",,"2023-02-07T15:31:37.000Z",
"Tradelink Taree",,,,"Australia","Taree","2430","Flametree Close 5","New South Wales","-31.888765","152.452361","02 6537 9500",,"taree@tradelink.com.au",,,,,,,,,"2023-02-07T15:31:37.000Z",
"Tradelink Taren Point",,,,"Australia","Sydney","2229","Bay Road","New South Wales","-34.0226446","151.12445335","02 8535 2100",,"tarenpoint@tradelink.com.au",,,,,,,,,"2023-02-07T15:31:37.000Z",
"Tradelink Taylors Beach",,,,"Australia","Taylors Beach","2316","Taylors Beach Road","New South Wales","-32.742796","152.0596559","02 4088 4660",,"taylorsbeach@tradelink.com.au",,,,,,,,,"2023-02-07T15:31:37.000Z",
"Tradelink Thornbury",,,,"Australia","Melbourne","3071","St Georges Road 316","Victoria","-37.759994","144.9935","03 8342 9220",,"thornbury@tradelink.com.au",,,,,,,"Showroom with Product Display",,"2023-02-07T15:31:37.000Z",
"Tradelink Toowoomba City",,,,"Australia","Toowoomba","4350","James Street 213","Queensland","-27.568046","151.949799","07 4614 2400",,"toowoombacity@tradelink.com.au",,,,,,,,,"2023-02-07T15:31:37.000Z",
"Tradelink Townsville Garbutt",,,,"Australia","Townsville","4814","Cnr Dalrymple & Corporate Crescent, Townsville","Queensland","-19.300526","146.759147","07 4412 5460",,"garbutt@tradelink.com.au",,,,,,,,,"2023-02-07T15:31:37.000Z",
"Tradelink Tweed Heads",,,,"Australia","Tweed Heads","2486","Tweed Street","New South Wales","-28.2131944","153.4914972","07 5558 4560",,"tweedheads@tradelink.com.au",,,,,,,,,"2023-02-07T15:31:37.000Z",
"Tradelink Wagga Wagga",,,,"Australia","Wagga Wagga","2650","Chaston Street 2","New South Wales","-35.122127","147.353592","02 6092 2520",,"waggawagga@tradelink.com.au",,,,,,,,,"2023-02-07T15:31:37.000Z",
"Tradelink Wangaratta",,,,"Australia","Wangaratta","3677",,"Victoria","-36.356251","146.323091","03 5722 6800",,"wangaratta@tradelink.com.au",,,,,,,,,"2023-02-07T15:31:37.000Z",
"Tradelink Warners Bay",,,,"Australia","Newcastle","2282",,"New South Wales","-32.975507","151.647004","02 4343 6980",,"warnersbay@tradelink.com.au",,,,,,,"Showroom with Product Display",,"2023-02-07T15:31:37.000Z",
"Tradelink Warrnambool",,,,"Australia","Warrnambool","3280","Fairy Street 27","Victoria","-38.383913","142.477091","03 5247 7160",,"warrnambool@tradelink.com.au",,,,,,,,,"2023-02-07T15:31:37.000Z",
"Tradelink Warwick",,,,"Australia","Warwick","4370","Grafton Street 118","Queensland","-28.216291","152.030481","07 4614 2440",,"warwick@tradelink.com.au",,,,,,,,,"2023-02-07T15:31:37.000Z",
"Tradelink West Gosford",,,,"Australia","Central Coast","2250","Grieve Road 3","New South Wales","-33.424274","151.31852","02 4343 6960",,"westgosford@tradelink.com.au",,,,,,,,,"2023-02-07T15:31:37.000Z",
"Tradelink Whyalla",,,,"Australia","Whyalla","5600","Norrie Avenue 128","South Australia","-33.036836","137.552237","08 8642 7660",,"whyalla@tradelink.com.au",,,,,,,"Showroom with Product Display",,"2023-02-07T15:31:37.000Z",
"Tradelink Wollongong",,,,"Australia","Wollongong","2500","Keira Street 360","New South Wales","-34.435431","150.891495","02 4276 7200",,"wollongong@tradelink.com.au",,,,,,,,,"2023-02-07T15:31:37.000Z",
"Tradelink Woolloongabba",,,,"Australia","Brisbane","4102","Balaclava Street 16","Queensland","-27.489795","153.036975","07 3850 2360",,"woolloongabba@tradelink.com.au",,,,,,,,,"2023-02-07T15:31:37.000Z",
"Tradelink Yamba",,,,"Australia","Yamba","2464","Angourie Road","New South Wales","-29.444389","153.3523072","02 6691 6780",,"yamba@tradelink.com.au",,,,,,,,,"2023-02-07T15:31:37.000Z",
"Trend Bathroom and Kitchen Centre",,,,"Australia","Moorabbin","3189","628 South Rd","Victoria","-37.93765477772733","145.06713874172422","(03) 9553 0899",,,,,,,,,"Showroom with Product Display",,"2023-06-02T03:24:45.000Z",
"Bright Renovations",,,,"Australia","Ringwood","3134","54 Maroondah Hwy","Victoria","-37.81742336993636","145.22158265564292","03 9870 3658",,,,,,,,,"Showroom with Product Display",,"2023-06-02T03:31:54.000Z",
"Cargo Bathroom and Kitchens",,,,"Australia","Mentone","3192","44 Nepean Highway","Victoria","-37.976359","145.065887","0395857583",,,,,,,,,"Showroom with Product Display",,"2023-06-02T05:54:05.000Z",
"Bright Renovations",,,,"Australia","Dandenong South","3175","198 Discovery Rd","Victoria","-38.055488","145.215138","0397066618",,,,,,,,,"Showroom with Product Display",,"2023-06-02T05:56:40.000Z",
"Reece Tootgarook",,,,"Australia","Tootgarook","3941","2-6 Carmichael St","Victoria","-38.369089","144.856663","(03) 5987 8510",,,,,,,,,,,"2023-06-16T09:40:32.000Z",
"Reece South Melbourne",,,,"Australia","South Melbourne","3205","City Road &, Cecil St","3205","-37.82978905053007","144.9560025846586","(03) 8575 9710",,,,,,,,,,,"2023-06-16T09:43:24.000Z",
"Reece Seaford",,,,"Australia","Seaford","3198","24 Hartnett Drive","Victoria","-38.113192","145.141213",,,,,,,,,,,,"2023-06-26T02:58:15.000Z",
"Reece Clayton",,,,"Australia","Clayton","3168","2133 Princes Highway","Victoria","-37.925803","145.145688",,,,,,,,,,,,"2023-06-26T03:00:22.000Z",
"Reece Melton",,,,"Australia","Melton","3337","177 High Street","Victoria","-37.683797","144.594236",,,,,,,,,,,,"2023-06-27T10:18:17.000Z",
"Reece Bendigo",,,,"Australia","Bendigo","3550","120 High Street","Victoria","-36.76197","144.271992",,,,,,,,,,,,"2023-06-27T10:21:51.000Z",
"Reece Wendouree",,,,"Australia","Wendouree","3355","1041 Howitt Street","Victoria","-37.541266","143.835683",,,,,,,,,,,,"2023-06-27T10:32:02.000Z",
"Reece Newport",,,,"Australia","Newport","3015","200 Mason Street","Victoria","-37.8403746","144.8658593",,,,,,,,,,,,"2023-06-29T04:04:06.000Z",
"Reece Ocean Grove",,,,"Australia","Ocean Grove","3226","12-14 Marine Parade","Victoria","-38.2515322","144.5376158",,,,,,,,,,,,"2023-06-30T23:01:07.000Z",
"Reece Werribee",,,,"Australia","Werribee","3030","123 Railway Avenue","Victoria","-37.8951985","144.6709072",,,,,,,,,,,,"2023-06-30T23:02:32.000Z",
"Reece Bathroom Life Heidelberg",,,,"Australia","Heidelberg West","3081","495 Upper Heidelberg Road","Victoria","-37.7519272","145.0567263","(03) 9458 0110",,"heidelberg.bathroomlife.vic@reece.com.au",,,,,,,,,"2023-07-03T10:16:25.000Z",
"Art Bathrooms",,,,"Australia","Caloundra West","4551","1/3 Exeter Way","Queensland","-26.7914339","153.1099423",,,,,,,,,,"Showroom with Product Display",,"2023-07-10T04:13:04.000Z",
"Reece Bathroom Life - Essendon",,,,"Australia","Essendon","3040","39 Keilor Road","Victoria","-37.7436237","144.9074439",,,,,,,,,,,,"2023-07-12T07:13:08.000Z",
"Designer Bathware - Richmond",,,,"Australia","Richmond","3121","504 Bridge Road","Victoria","-37.8197639","145.0086721",,,,,,,,,,"Showroom with Product Display",,"2023-07-18T10:02:25.000Z",
"Designer Bathware - Keilor Park",,,,"Australia","Keilor Park","3042","5/1-9 Thomsons Road","Victoria","-37.720395","144.849837",,,,,,,,,,"Showroom with Product Display",,"2023-07-18T10:03:26.000Z",
"Reece Bathroom Life - Richmond",,,,"Australia","Richmond","3121","641-643 Bridge Road","Victoria","-37.8197026","145.0122921",,,,,,,,,,,,"2023-07-19T01:18:41.000Z",
"Reece Ferntree Gully",,,,"Australia","Ferntree Gully","3156","Burwood Hwy & Oaklands Ave","Victoria","-37.884103","145.2820169",,,,,,,,,,,,"2023-07-19T01:21:24.000Z",
"Reece - Warragul",,,,"Australia","Warragul","3820","151 Queen Street","Victoria","-38.1658937","145.939121",,,,,,,,,,,,"2023-07-19T01:22:14.000Z",
"Reece Pakenham",,,,"Australia","Pakenham","3810","911 Princes Highway","Victoria","-38.0625144","145.4615701",,,,,,,,,,,,"2023-07-19T02:30:12.000Z",
"Reece Narre Warren",,,,"Australia","Narre Warren","3805","82-84 Victor Crescent","Victoria","-38.02494799999999","145.313239",,,,,,,,,,,,"2023-07-19T02:32:20.000Z",
"Reece Bathroom Life Brighton",,,,"Australia","Brighton East","3187","15/21 Union St","Victoria","-37.907507","145.010655",,,,,,,,,,,,"2023-07-20T01:40:52.000Z",
"Fortitude Valley Reece Bathroom Life",,,,"Australia","Bowen Hills","4006","25 Montpelier Rd","Queensland","-27.4492405","153.0406156",,,,,,,,,,,,"2023-07-25T02:42:32.000Z",
"Reece Geebung",,,,"Australia","Geebung","4034","234 Robinson Road","Queensland","-27.3679207","153.0472262","07 3834 2710",,,,,,,,,,,"2023-07-25T02:44:10.000Z",
"Reece Lewisham",,,,"Australia","Lewisham","2049","780-788 Parramatta Rd","New South Wales","-33.8902803","151.1471468",,,,,,,,,,,,"2023-07-26T03:27:17.000Z",
"Reece Kempsey",,,,"Australia","Kempsey","2440","111 Smith Street","New South Wales","-31.0742824","152.8441822",,,,,,,,,,,,"2023-07-27T02:23:10.000Z",
"Reece Blacktown",,,,"Australia","Kings Park","2148","4 Melissa Place","New South Wales","-33.7466664","150.9080552",,,,,,,,,,,,"2023-07-28T01:31:34.000Z",
"Reece Ballina",,,,"Australia","Ballina","2478","19 Southern Cross Drive","New South Wales","-28.8499411","153.5574205",,,,,,,,,,,,"2023-07-28T02:05:31.000Z",
"Reece Coffs Harbour South",,,,"Australia","Coffs Harbour South","2450","12 Isles Drive","New South Wales","-30.3151501","153.0876642",,,,,,,,,,,,"2023-07-28T03:19:14.000Z",
"Reece Mansfield",,,,"Australia","Mansfield","4122","11 Secam Street","Queensland","-27.5324774","153.0983377",,,,,,,,,,,,"2023-07-28T03:45:33.000Z",
"Reece Belconnen",,,,"Australia","Belconnen","2617","80 Oatley Court","Australian Capital Territory","-35.2425148","149.0589356",,,,,,,,,,,,"2023-07-31T02:04:45.000Z",
"Reece Erina",,,,"Australia","Erina","2250","245 the Entrance Rd","New South Wales","-33.4343089","151.3876971",,,,,,,,,,,,"2023-07-31T02:05:52.000Z",
"Reece Burleigh Heads",,,,"Australia","Burleigh Heads","4220","15-17 Central Drive","Queensland","-28.1044154","153.4243045",,,,,,,,,,,,"2023-08-01T01:14:04.000Z",
"Reece Bathroom Life Bundall",,,,"Australia","Bundall","4217","96 Upton Street","Queensland","-28.0035296","153.4108808",,,,,,,,,,,,"2023-08-01T02:11:06.000Z",
"Reece North Lakes",,,,"Australia","Morayfield","4506","250 Morayfield Road","Queensland","-27.1114629","152.9499222",,,,,,,,,,,,"2023-08-02T03:40:26.000Z",
"Reece Maroochydore",,,,"Australia","Maroochydore","4558","8 Glen Kyle Drive","Queensland","-26.6732159","153.0930929",,,,,,,,,,,,"2023-08-02T04:00:17.000Z",
"Reece Bowral",,,,"Australia","Bowral","2576","87-91 Kirkham Road","New South Wales","-34.4817226","150.4128571",,,,,,,,,,,,"2023-08-03T00:03:19.000Z",
"Reece Bathroom Life Norwood",,,,"Australia","Norwood","5067","31 the Parade","South Australia","-34.9212865","138.6265934",,,,,,,,,,,,"2023-08-03T00:13:32.000Z",
"Reece Stepney",,,,"Australia","Stepney","5069","75 Nelson Street Stepney","South Australia","-34.9107989","138.6297101",,,,,,,,,,,,"2023-08-10T01:50:33.000Z",
"Reece Launceston",,,,"Australia","Launceston","7250","Cnr Goodman Crt & Invermay Rd Launceston","Tasmania","-41.4132319","147.1344989",,,,,,,,,,,,"2023-08-16T04:12:40.000Z",
"Reece Enoggera",,,,"Australia","Enoggera","4051","90 Pickering Street","Queensland","-27.4199476","152.9936955",,,,,,,,,,,,"2023-08-28T10:26:39.000Z",
"Reece Underwood",,,,"Australia","Underwood","4119","40 Compton Road","Queensland","-27.6201568","153.1125546",,,,,,,,,,,,"2023-08-28T10:32:25.000Z",
"Reece Bathroom Life Bundal",,,,"Australia","Bundall","4217","96 Upton Street","Queensland","-28.0035296","153.4108808",,,,,,,,,,,,"2023-08-28T10:34:37.000Z",
"Reece Plumbing Labrador",,,,"Australia","Biggera Waters","4216","27 Gateway Drive,, Australia","Queensland","-27.9323907","153.3839568",,,,,,,,,,,,"2023-08-28T10:41:57.000Z",
"Reece Oxenford",,,,"Australia","Oxenford","4210","149 Old Pacific Highway","Queensland","-27.8881151","153.3139453",,,,,,,,,,,,"2023-08-28T10:44:27.000Z",
"Reece Port Macquarie",,,,"Australia","Port Macquarie","2444","195 Lake Road","New South Wales","-31.4482388","152.8890364",,,,,,,,,,,,"2023-08-29T09:59:10.000Z",
,,,,,,,,,"-28.8499411","153.5574205",,,,,,,,,,,,"2023-08-29T10:01:28.000Z",
"Reece Byron Bay",,,,"Australia","Byron Bay","2481","50 Centennial Cct","New South Wales","-28.6347608","153.5783518",,,,,,,,,,,,"2023-08-29T10:02:24.000Z",
"Reece Coffs Harbour",,,,"Australia","Coffs Harbour","2450","177a Orlando Street","New South Wales","-30.2867849","153.1287971",,,,,,,,,,,,"2023-08-29T10:08:00.000Z",
"Reece Morayfield",,,,"Australia","Morayfield","4506","250 Morayfield Road","Queensland","-27.1114629","152.9499222",,,,,,,,,,,,"2023-08-31T06:36:25.000Z",
"Reece Warana",,,,"Australia","Warana","4575","236 Nicklin Way","Queensland","-26.725186","153.1287511",,,,,,,,,,,,"2023-08-31T06:38:57.000Z",
"Reece - Noosaville",,,,"Australia","Noosaville","4566","6 Selkirk Drive","Queensland","-26.4124304","153.049115",,,,,,,,,,,,"2023-09-12T08:51:10.000Z",
"Reece - Capalaba",,,,"Australia","Capalaba","4157","168-170 Redland Bay Rd","Queensland","-27.5340433","153.201512",,,,,,,,,,,,"2023-09-12T08:52:50.000Z",
"Reece - Gympie",,,,"Australia","Gympie","4570","2 Clematis St","Queensland","-26.1872847","152.6558064",,,,,,,,,,,,"2023-09-12T08:54:46.000Z",
"Reece - Thornton",,,,"Australia","Thornton","2322","1 Huntingdale Drive","New South Wales","-32.7869356","151.6373236",,,,,,,,,,,,"2023-09-20T09:59:39.000Z",
"Reece - Newcastle",,,,"Australia","Islington","2296","64 Maitland Road","New South Wales","-32.9140892","151.7461811",,,,,,,,,,,,"2023-09-20T10:09:58.000Z",
"Reece - Gosford",,,,"Australia","West Gosford","2250","240 Manns Road","New South Wales","-33.417021","151.3278104",,,,,,,,,,,,"2023-09-20T10:14:25.000Z",
"Reece - Gateshead",,,,"Australia","Gateshead","2290","9 Metro Court","New South Wales","-32.9887684","151.6951303",,,,,,,,,,,,"2023-09-20T10:16:26.000Z",
"Reece - Warners Bay",,,,"Australia","Warners Bay","2282","Unit D/301 Hillsborough Road","New South Wales","-32.9617071","151.6620694",,,,,,,,,,,,"2023-09-20T10:17:39.000Z",
"Reece-Salamander Bay",,,,"Australia","Salamander Bay","2317","4 Shearwater Drive","New South Wales","-32.7528415","152.0700196",,,,,,,,,,,,"2023-09-20T10:21:10.000Z",
"Reece - Kotara",,,,"Australia","Kotara","2289","Unit 1/154 Park Avenue","New South Wales","-32.9427925","151.6969142",,,,,,,,,,,,"2023-09-20T10:25:36.000Z",
"Reece - Pymble",,,,"Australia","Pymble","2073","8 West Street","New South Wales","-33.751485","151.1433236",,,,,,,,,,,,"2023-09-21T08:11:51.000Z",
"Reece Bathroom Life - Castle Hill",,,,"Australia","Castle Hil","2154","5/7-13 Victoria Avenue","New South Wales","-33.889432","151.2357198",,,,,,,,,,,,"2023-09-21T08:22:29.000Z",
"Taren Point - Reece Bathroom Life",,,,"Australia","Carringbah","2229","224 Taren Point Road","New South Wales","-34.0301019","151.1203049",,,,,,,,,,,,"2023-09-22T03:55:10.000Z",
"Gt&B",,,,"Australia","Newtown","3220","15/17 W Fyans Street","3220","-38.1603488","144.348458",,,,,,,,,,"Showroom with Product Display",,"2023-10-12T06:05:07.000Z",
"Reece Port Adelaide",,,,"Australia","Port Adeliade","5015","51 Langham Place","South Australia","-34.852197","138.5055087",,,,,,,,,,,,"2023-10-30T00:51:24.000Z",
"Reece St Agnes",,,,"Australia","St Agnes","5097","130 Tolley Road","South Australia","-34.8298373","138.7062421",,,,,,,,,,,,"2023-10-30T00:52:21.000Z",
"Reece Adelaide",,,,"Australia","Adelaide","5000","15 Elizabeth Street","South Australia","-34.9252018","138.5911741",,,,,,,,,,,,"2023-10-30T00:54:04.000Z",
"Reece Bathroom Life Norwood",,,,"Australia","Norwood","5066","31 the Parade","South Australia","-34.9485341","138.663955",,,,,,,,,,,,"2023-10-30T00:55:25.000Z",
"Harvey Norman Maribyrnong",,,"Tuesday	9 am–5:30 pm
Wednesday 9 am–5:30 pm
Thursday	9 am–9 pm
Friday	9 am–9 pm
Saturday	9 am–5:30 pm
Sunday	10 am–5:30 pm
Monday	9 am–5:30 pm","Australia","Maribyrnong","3032","169 Rosamond Rd, Maribyrnong Vic 3032","Victoria","-37.77326499999999","144.8839527","(03) 9304 7000",,,"https://stores.harveynorman.com.au/harvey-norman-maribyrnong-vic/?utm_source=google&utm_medium=organic&utm_campaign=gmb_page",,,,,,"Showroom with Product Display",,"2024-02-20T05:21:04.000Z",
"Harvey Norman @ Domayne Alexandria",,,"Tuesday 9:30am - 6pm
Wednesday 9:30am - 6pm
Thursday 9:30am - 7pm
Friday 9:30am - 6pm
Saturday 9am - 5:30pm
Sunday 10am - 5:30pm
Monday 9:30am - 6pm","Australua","Alexandria","2015","84 O'Riordan Street Level 1","New South Wales","-33.9178101","151.1942047","(02) 8339 7000",,,"https://stores.harveynorman.com.au/harvey-norman-domayne-alexandria-nsw",,,,,,"Showroom with Product Display",,"2024-02-20T05:29:15.000Z",
"Harvey Norman Bundall",,,"Tuesday 9am - 5:30pm
Wednesday 9am - 5:30pm
Thursday 9am - 5:30pm
Friday 9am - 5:30pm
Saturday 9am - 5pm
Sunday 10am - 4pm
Monday 9am - 5:30pm","Australia","Bundall","4217","29-45 Ashmore Road","Queensland","-28.0097927","153.4071636","(07) 5584 3111",,,"https://stores.harveynorman.com.au/harvey-norman-bundall-qld",,,,,,"Showroom with Product Display",,"2024-02-20T05:31:18.000Z",
"Harvey Norman Launceston",,,"Tuesday 9am - 5:30pm
Wednesday 9am - 5:30pm
Thursday 9am - 5:30pm
Friday 9am - 5:30pm
Saturday 9am - 5pm
Sunday 10am - 5pm
Monday 9am - 5:30pm","Australia","Launceston","7250","45-59 Charles Street","Tasmania","-41.4347551","147.1350317",,,,"https://stores.harveynorman.com.au/harvey-norman-launceston-tas",,,,,,"Showroom with Product Display",,"2024-02-20T05:33:59.000Z",
"Harvey Norman Marion",,,"Tuesday 9am - 5:30pm
Wednesday 9am - 5:30pm
Thursday 9am - 5:30pm
Friday 9am - 5:30pm
Saturday 9am - 5pm
Sunday 10am - 5pm
Monday 9am - 5:30pm","Australia","Marion","5043","826 Marion Road","South Australia","-35.0118082","138.5573413","(08) 8375 7777",,,"https://stores.harveynorman.com.au/harvey-norman-marion-sa",,,,,,"Showroom with Product Display",,"2024-02-20T05:36:14.000Z",
"Harvey Norman Cannington",,,"Tuesday 9am - 5:30pm
Wednesday 9am - 5:30pm
Thursday 9am - 5:30pm
Friday 9am - 5:30pm
Saturday 9am - 5pm
Sunday 10am - 5pm
Monday 9am - 5:30pm","Australia","Cannington","6107","1363 Albany Highway","Western Australia","-32.0200177","115.9351585","(08) 9311 1100",,,"https://stores.harveynorman.com.au/harvey-norman-cannington",,,,,,"Showroom with Product Display",,"2024-02-20T05:38:52.000Z",
"Harvey Norman Fyshwick",,,"Monday 9 am–5:30 pm
Tuesday 9 am–5:30 pm
Wednesday 9 am–5:30 pm
Thursday 9 am–5:30 pm
Friday 9 am–5:30 pm
Saturday 9 am–5 pm
Sunday 10 am–5 pm","Australia","Fyshwick","2609","Cnr Barrier & Ipswich Sts, Fyshwick, Act 2609 Warehouse - Wollongong St","Australian Capital Territory","-35.3233205","149.1693652","02-6202-2000",,,,,,,,,"Showroom with Product Display",,"2024-03-20T09:31:31.000Z",
"Harvey Norman Fyshwick",,,,,"Fyshwick","2609","Cnr Barrier & Ipswich Sts","Australian Capital Territory","-35.3233205","149.1693652","02-6202-2000",,,,,,,,,"Showroom with Product Display",,"2024-03-21T09:19:45.000Z",
"Harvey Norman @ Domanye Fyshwick",,,,,"Fyshwick 2609","2609","80 Collie St","Australian Capital Territory","-35.3306626","149.1799068","02-6126-2500",,,,,,,,,,,"2024-03-21T09:19:45.000Z",
"Harvey Norman Auburn",,,,,"Auburn","2144","250 Parramatta Rd","New South Wales","-33.8405224","151.0327624","02-9202-4888",,,,,,,,,,,"2024-03-21T09:19:45.000Z",
"Harvey Norman @ Domanye Auburn",,,,,"Auburn","2144","103 Parramatta Rd","New South Wales","-33.8443246","151.0414757","02-8748-4200",,,,,,,,,,,"2024-03-21T09:19:45.000Z",
"Harvey Norman Balgowlah",,,,,"Balgowlah","2093","176-190 Condamine St","New South Wales","-33.7889955","151.2664429","02-9949-0100",,,,,,,,,"Showroom with Product Display",,"2024-03-21T09:19:45.000Z",
"Harvey Norman @ Domanye Belrose",,,,,"Belrose","2085","4-6 Niangala Close","New South Wales","-33.7038889","151.2130023","02-9479-8800",,,,,,,,,,,"2024-03-21T09:19:45.000Z",
"Harvey Norman Blacktown",,,,,"Blacktown","2148","Cnr Blacktown & Bundarribee Rds","New South Wales","-33.7660982","150.9126927","02-8822-8400",,,,,,,,,,,"2024-03-21T09:19:45.000Z",
"Harvey Norman Bondi Junction",,,,,"Bondi Junction","2022","Shop 5016 - 5017, Westfield Shoppingtown","New South Wales","-33.8928168","151.2551822","02-8305-8800",,,,,,,,,,,"2024-03-21T09:19:45.000Z",
"Harvey Norman Broadway",,,,,"Alexandria","2015","Shop 119, Brdway Shopping Centre","New South Wales","-33.8837417","151.194767","02-9219-5218",,,,,,,,,,,"2024-03-21T09:19:45.000Z",
"Harvey Norman Campbelltown",,,,,"Campbelltown","2560","22a Blaxland Rd","New South Wales","-34.0579302","150.8182366","02-4621-5200",,,,,,,,,"Showroom with Product Display",,"2024-03-21T09:19:45.000Z",
"Harvey Norman Caringbah",,,,,"Taren Poin","2229","41-49 Willarong Rd","New South Wales","-34.0294563","151.1212476","02-9589-8812",,,,,,,,,"Showroom with Product Display",,"2024-03-21T09:19:45.000Z",
"Harvey Norman Castle Hill",,,,,"Castle Hill","2154","Cnr Showground Rd & Victoria Ave","New South Wales","-33.7264817","150.9904056","02-9840-8800",,,,,,,,,"Showroom with Product Display",,"2024-03-21T09:19:45.000Z",
"Harvey Norman Gordon",,,,,"Gordon","2072","1st Floor, 802-808 Pacific Hwy","New South Wales","-33.7550876","151.1519557","02-9496-9221",,,,,,,,,,,"2024-03-21T09:19:45.000Z",
"Harvey Norman Erina",,,,,"Erina","2250","Harvey Norman Shopping Complex, Karalta Lane","New South Wales","-33.4368825","151.3863509","02-4365-9500",,,,,,,,,,,"2024-03-21T09:19:45.000Z",
"Harvey Norman Hornsby",,,,,"Hornsby","2077","Westfield Hornsby, Cnr Florence & Muriel Lane","New South Wales","-33.7036208","151.1020928","02-9457-4400",,,,,,,,,,,"2024-03-21T09:19:45.000Z",
"Harvey Norman @ Domanye Gosford",,,,,"West Gosford","2250","400 Manns Rd","New South Wales","-33.4266158","151.3194718","02-4337-4800",,,,,,,,,,,"2024-03-21T09:19:45.000Z",
"Harvey Norman Liverpool",,,,,"Liverpool","2170","Liverpool Mega Centre, 2-18 Orangegrove Rd","New South Wales","-33.9075901","150.9199196","02-9600-3333",,,,,,,,,,,"2024-03-21T09:19:45.000Z",
"Harvey Norman Mcgraths Hill",,,,,"Mcgraths Hill","2756","Shop 6, 264-272 Windsor Rd","New South Wales","-33.6281869","150.8383494","02-4587-6800",,,,,,,,,,,"2024-03-21T09:19:45.000Z",
"Harvey Norman Moore Park",,,,,"Moore Park","2021","North Supacenta, Cnr South Dowling St & Dacey Ave","New South Wales","-33.9030724","151.2150253","02-9662-9888",,,,,,,,,"Showroom with Product Display",,"2024-03-21T09:19:45.000Z",
"Harvey Norman @ Domanye North Ryde",,,,,"North Ryde","2113","31-35 Epping Rd, North Ryde","New South Wales","-33.7920728","151.1327142","02-9888-8888",,,,,,,,,"Showroom with Product Display",,"2024-03-21T09:19:45.000Z",
"Harvey Norman Penrith",,,,,"Penrith","2750","Cnr Mulgoa Rd & Wolseley Sts","New South Wales","-33.7716731","150.6723504","02-4737-5111",,,,,,,,,"Showroom with Product Display",,"2024-03-21T09:19:45.000Z",
"Harvey Norman Albury",,,,,"Albury","2640","Unit 7/94 Borella Rd","New South Wales","-36.0753839","146.9450878","02-6023-0800",,,,,,,,,,,"2024-03-21T09:19:45.000Z",
"Harvey Norman Armidale",,,,,"Armidale","2320","Shop 8, Girraween Shopping Ctr, Queen Elizabeth Dr","New South Wales","-30.5022","151.6473311","02-6771-0800",,,,,,,,,,,"2024-03-21T09:19:45.000Z",
"Harvey Norman Ballina",,,,,"Ballina","2478","26 Boeing Avenue","New South Wales","-28.8452057","153.5583886","02-6620-5300",,,,,,,,,,,"2024-03-21T09:19:45.000Z",
"Harvey Norman Bathurst",,,,,"Bathurst","2795","Cnr Sydney Rd & Ashworth Drv","New South Wales","-33.4212873","149.6351819","02-6332-8800",,,,,,,,,,,"2024-03-21T09:19:45.000Z",
"Harvey Norman Coffs Harbour",,,,,"Coffs Harbour","2450","252 Pacific Hwy","New South Wales","-30.2813189","153.1289811","02-6653-0300",,,,,,,,,,,"2024-03-21T09:19:45.000Z",
"Harvey Norman Dubbo",,,,,"Dubbo","2830","223 Cobra St","New South Wales","-32.2569086","148.6226984","02-6826-8800",,,,,,,,,,,"2024-03-21T09:19:45.000Z",
"Harvey Norman Forster",,,,,"Forster","2428","29 Breese Pde","New South Wales","-32.1998108","152.523808","02-6554-5700",,,,,,,,,,,"2024-03-21T09:19:45.000Z",
"Harvey Norman Goulburn",,,,,"Goulburn","2580","180-186 Auburn St","New South Wales","-34.75466180000001","149.7178547","02-4824-3000",,,,,,,,,"Showroom with Product Display",,"2024-03-21T09:19:45.000Z",
"Harvey Norman Grafton",,,,,"Grafton","2460","125 Prince St","New South Wales","-29.6875341","152.9348427","02-6640-1500",,,,,,,,,,,"2024-03-21T09:19:45.000Z",
"Harvey Norman Griffith",,,,,"Griffith","2680","Cnr Willandra & Jondaryan Ave","New South Wales","-34.2934628","146.0417123","02-6961-0300",,,,,,,,,,,"2024-03-21T09:19:45.000Z",
"Harevy Norman @ Domanye Kotara",,,,,"Kotara","2289","18 Bradford Close","New South Wales","-32.9381417","151.7086683","02-4941-3900",,,,,,,,,,,"2024-03-21T09:19:45.000Z",
"Harvey Norman Lakehaven",,,,,"Lakehaven","2263","59-83 Pacific Hwy","New South Wales","-33.2428302","151.5019157","02-4394-6000",,,,,,,,,,,"2024-03-21T09:19:45.000Z",
"Harvey Norman Lismore",,,,,"Lismore","2480","17 Zadoc St","New South Wales","-28.805982","153.2795923","02-6623-1400",,,,,,,,,,,"2024-03-21T09:19:45.000Z",
"Harvey Norman Lithgow",,,,,"Lithgow","2790","175 Main St","New South Wales","-33.4823641","150.1547083","02-6351-2321",,,,,,,,,,,"2024-03-21T09:19:45.000Z",
"Harvey Norman Maitland",,,,,"Rutherford","2320","Unit 1, 366 New England Hwy","New South Wales","-32.7103567","151.5094068","02-4932-2800",,,,,,,,,,,"2024-03-21T09:19:45.000Z",
"Harvey Norman Newcastle",,,,,"Bennetts Green","2290","7 Abdon Close","New South Wales","-32.9942474","151.6889652","02-4944-5000",,,,,,,,,"Showroom with Product Display",,"2024-03-21T09:19:45.000Z",
"Harvey Norman Nowra",,,,,"South Nowra","2540","Cnr Central Ave & Princess Hwy","New South Wales","-34.9137979","150.5985224","02-4421-1300",,,,,,,,,,,"2024-03-21T09:19:45.000Z",
"Harvey Norman Orange",,,,,"Orange","2800","Unit 1 Orange Grove Homemakers Centre","New South Wales","-33.2792017","149.0582632","02-6393-2222",,,,,,,,,,,"2024-03-21T09:19:45.000Z",
"Harvey Norman Port Macquarie",,,,,"Port Macquarie","2444","160-174 Hastings River Drv","New South Wales","-31.426679","152.8766256","02-6580-0000",,,,,,,,,,,"2024-03-21T09:19:45.000Z",
"Harvey Norman Port Stephens",,,,,"Taylors Beach","2316","Port Stephens Homemaker Centre, Shop 1/60 Port Stephens Drive","New South Wales","-32.7551241","152.0705346","02-4919-3100",,,,,,,,,,,"2024-03-21T09:19:45.000Z",
"Harvey Norman Tamworth",,,,,"Tamworth","2340","43 the Ringers Rd","New South Wales","-31.1289749","150.9200987","02-6765-1100",,,,,,,,,,,"2024-03-21T09:19:45.000Z",
"Harvey Norman Tura Beach",,,,,"Tura Beach","2548","1 Tura Beach Drive","New South Wales","-36.8622002","149.9137082","02-6497-4100",,,,,,,,,,,"2024-03-21T09:19:45.000Z",
"Harvey Norman Tweed Heads",,,,,"Tweed Heads","2486","29-41 Greenway Drv","New South Wales","-28.2051695","153.5362661","07-5524-0103",,,,,,,,,,,"2024-03-21T09:19:45.000Z",
"Harvey Norman Wagga Wagga",,,,,"Wagga Wagga","2650","7-23 Hammond Ave","New South Wales","-35.119225","147.3805326","02-6933-7000",,,,,,,,,,,"2024-03-21T09:19:45.000Z",
"Harvey Norman Warrawong",,,,,"Warrawong","2650","157-161 King St","New South Wales","-34.4846129","150.8804891","02-4223-8800",,,,,,,,,"Showroom with Product Display",,"2024-03-21T09:19:45.000Z",
"Harvey Norman Alice Springs",,,,,"Alice Springs","0870","1 Colson St","Northern Territory","-23.6959573","133.877321","08-8950-4000",,,,,,,,,,,"2024-03-21T09:19:45.000Z",
"Harvey Norman Darwin",,,,,"Berrimah","0828","644 Stuart Hwy","Northern Territory","-12.4327189","130.9184455","08-8922-4111",,,,,,,,,,,"2024-03-21T09:19:45.000Z",
"Harvey Norman Aspley",,,,,"Aspley","4034","1411-1419 Gympie Rd","Queensland","-27.3596618","153.0171932","07-3834-1100",,,,,,,,,"Showroom with Product Display",,"2024-03-21T09:19:45.000Z",
"Harvey Norman Booval",,,,,"Booval","4304","214 Brisbane Road","Queensland","-27.6111935","152.7972475","07-3280-7400",,,,,,,,,,,"2024-03-21T09:19:45.000Z",
"Harvey Norman Browns Plains",,,,,"Browns Plains","4113","18 Commerce Drv","Queensland","-27.6655679","153.0449771","07-3380-0600",,,,,,,,,,,"2024-03-21T09:19:45.000Z",
"Harvey Norman @domanye Bundall",,,,,"Bundall","4217","29-45 Ashmore Rd","Queensland","-28.0097927","153.4071636","07-5553-2100",,,,,,,,,,,"2024-03-21T09:19:45.000Z",
"Harvey Norman Burleigh Waters",,,,,"Burleigh Waters","4220","1 Santa Maria Crt","Queensland","-28.0760907","153.423256","07-5586-2000",,,,,,,,,"Showroom with Product Display",,"2024-03-21T09:19:45.000Z",
"Harvey Norman Capalaba",,,,,"Capalaba","4157","38-62 Moreton Bay Rd","Queensland","-27.5229561","153.1946142","07-3362-6244",,,,,,,,,,,"2024-03-21T09:19:45.000Z",
"Harvey Norman Carindale",,,,,"Carindale","4152","Shop 1 Homemaker Ctr, Cnr Carindale St & Old Cleveland Rd","Queensland","-27.5198367","153.1125044","07-3398-0600",,,,,,,,,"Showroom with Product Display",,"2024-03-21T09:19:45.000Z",
"Harvey Norman Everton Park",,,,,"Everton Park","4053","429 South Pine Rd","Queensland","-27.4094253","152.9932357","07-3550-4444",,,,,,,,,,,"2024-03-21T09:19:45.000Z",
"Harvey Norman Fortitude Valley",,,,,"Fortitude Valley","4006","Shop 1, Homemaker Centre","Queensland","-27.457826","153.0356579","07-3620-6600",,,,,,,,,"Showroom with Product Display",,"2024-03-21T09:19:45.000Z",
"Harvey Norman Garden City",,,,,"Upper Mount Gravatt","4122","Shop 2135, 2049 Logan Rd","Queensland","-27.564135","153.0836617","07-3347-7000",,,,,,,,,"Showroom with Product Display",,"2024-03-21T09:19:45.000Z",
"Harvey Norman Loganholme",,,,,"Loganholme","4129","3878-3892 Pacific Hwy","Queensland","-27.6640967","153.1744802","07-3440-9200",,,,,,,,,,,"2024-03-21T09:19:45.000Z",
"Harvey Norman Maryborough",,,,,"Maryborough","4650","72-74 Bazaar St","Queensland","-25.542411","152.6993009","07-4120-2100",,,,,,,,,,,"2024-03-21T09:19:45.000Z",
"Harvey Norman Oxley",,,,,"Oxley","4075","2098 Ipswich Rd","Queensland","-27.566246","152.9857862","07-3332-1121",,,,,,,,,"Showroom with Product Display",,"2024-03-21T09:19:45.000Z",
"Harvey Norman Rothwell",,,,,"Rothwell","4022","Unit 1, 439-443 Anzac Ave","Queensland","-27.2190319","153.0656945","07-3897-8840",,,,,,,,,,,"2024-03-21T09:19:45.000Z",
"Harvey Norman Bundaberg",,,,,"Bundaberg","4670","125 Takalvan St","Queensland","-24.8904471","152.3175573","07-4154-5041",,,,,,,,,,,"2024-03-21T09:19:45.000Z",
"Harvey Norman Cairns",,,,,"Cairns","4870","101 Spence St","Queensland","-16.9291106","145.7719599","07-4050-0300",,,,,,,,,,,"2024-03-21T09:19:45.000Z",
"Harvey Norman Cannonvale",,,,,"Cannonvale","4802","Shop B2 Centro Whitsunday, 8 Galbraith Drv","Queensland","-20.2771336","148.6964349","07-4969-8800",,,,,,,,,,,"2024-03-21T09:19:45.000Z",
"Harvey Norman @joyce Mayne Chancellor Park",,,,,"Sippy Downs","4556","Showroom 2/30 Chancellor Village Blv","Queensland","-26.7187557","153.047821","07-5477-2201",,,,,,,,,,,"2024-03-21T09:19:45.000Z",
"Harvey Norman Dalby",,,,,"Dalby","4405","49 Patrick St","Queensland","-27.1808526","151.2660102","07-4672-4444",,,,,,,,,,,"2024-03-21T09:19:45.000Z",
"Harvey Norman Emerald",,,,,"Emerald","4720","21 Ballard Street","Queensland","-23.5666751","148.1683816","07-4986-8100",,,,,,,,,,,"2024-03-21T09:19:45.000Z",
"Harvey Norman Gladstone",,,,,"Gladstone","4680","Shop 1b, Centro Centre, 220 Dawson Hwy","Queensland","-23.8771511","151.226956","07-4971-5000",,,,,,,,,,,"2024-03-21T09:19:45.000Z",
"Harvey Norman Hervey Bay",,,,,"Hervey Bay","4655","33-45 Maryborough Rd","Queensland","-25.2881539","152.7676633","07-4120-1100",,,,,,,,,,,"2024-03-21T09:19:45.000Z",
"Harvey Norman Innisfail",,,,,"Innisfail","4860","57 Ernest St","Queensland","-17.5251667","146.0285691","07-4063-5200",,,,,,,,,,,"2024-03-21T09:19:45.000Z",
"Harvey Norman Mackay",,,,,"Mackay","4740","Cnr Bruce Hwy & Heath'S Rd","Queensland","-21.1418611","149.1707025","07-4951-8800",,,,,,,,,,,"2024-03-21T09:19:45.000Z",
"Harvey Norman Maroochydore",,,,,"Maroochydore","4558","11-55 Maroochy Boulevard","Queensland","-26.6602963","153.0837537","07-5452-1500",,,,,,,,,"Showroom with Product Display",,"2024-03-21T09:19:45.000Z",
"Joyce Mayne Maroochydore",,,,,"Maroochydore","4558","Tenancy 15, 11-55 Maroochy Bvd","Queensland","-26.6602963","153.0837537","07-5475-1821",,,,,,,,,"Showroom with Product Display",,"2024-03-21T09:19:45.000Z",
"Harvey Norman Morayfield",,,,,"Morayfield","4506","Lot 8, Cnr Station & Morayfield Rd","Queensland","-27.1053809","152.9476706","07-5428-8000",,,,,,,,,,,"2024-03-21T09:19:45.000Z",
"Harvey Norman Rockhampton",,,,,"Rockhampton","4700","396 - 398 Yaamba Rd","Queensland","-23.3444006","150.5224188","07-4923-5000",,,,,,,,,,,"2024-03-21T09:19:45.000Z",
"Harvey Norman Toowoomba",,,,,"Toowoomba","4350","910-932 Ruthven St, Qld 4350","Queensland","-27.597042","151.947754","07-4636-7308",,,,,,,,,,,"2024-03-21T09:19:45.000Z",
"Harvey Norman Townsville",,,,,"Garbutt","4814","103-142 Duckworth St","Queensland","-19.2777134","146.756478","07-4775-8800",,,,,,,,,,,"2024-03-21T09:19:45.000Z",
"Harvey Norman Warwick Qld",,,,,"Warwick","4370","Cnr Palmerin & Victoria Sts","Queensland","-28.2137979","152.0306591","07-4666-9000",,,,,,,,,,,"2024-03-21T09:19:45.000Z",
"Harvey Norman City Cross",,,,,"Adelaide","5000","L1, 50 City Cross Arcade","South Australia","-34.9239441","138.6009838","08-8168 8800",,,,,,,,,,,"2024-03-21T09:19:45.000Z",
"Harvey Norman Gepps Cross",,,,,"Enfield","5085","750 Main North Rd","South Australia","-34.8394853","138.6054999","08-8342-8888",,,,,,,,,"Showroom with Product Display",,"2024-03-21T09:19:45.000Z",
"Harvey Norman Mt Barker",,,,,"Mt Barker","5251","6 Dutton Rd, Adelaide Hills Homemaker Centre","South Australia","-35.0676401","138.8655266","08-8393-0800",,,,,,,,,,,"2024-03-21T09:19:45.000Z",
"Harvey Norman Munno Para",,,,,"Smithfield","5114","Lot 2005 Main North Rd","South Australia","-34.6891583","138.6880678","08-8254-0700",,,,,,,,,"Showroom with Product Display",,"2024-03-21T09:19:45.000Z",
"Harvey Norman Noarlunga",,,,,"Noarlunga","5168","3/2 Seaman Drv","South Australia","-35.1402664","138.5023679","08-8329-5400",,,,,,,,,,,"2024-03-21T09:19:45.000Z",
"Harvey Norman Port Lincoln",,,,,"Port Lincoln","5606","Crn Verran Terrace & St Andrews Terrace","South Australia","-34.7353895","135.8546276","08-8683-7700",,,,,,,,,,,"2024-03-21T09:19:45.000Z",
"Harvey Norman Woodville",,,,,"Woodville","5011","853 - 867 Port Rd","South Australia","-34.87575440000001","138.5307948","08-8406-0130",,,,,,,,,"Showroom with Product Display",,"2024-03-21T09:19:45.000Z",
"Harvey Norman Burnie",,,,,"Burnie","7320","45 Marine Tce & Edward St","Tasmania","-41.0589271","145.9086739","03-6436-8800",,,,,,,,,,,"2024-03-21T09:19:45.000Z",
"Harvey Norman Cambridge Park",,,,,"Cambridge Park","7170","Unit B11, 66 Kennedy Drv","Tasmania","-42.8334593","147.4678631","03-6248-3300",,,,,,,,,,,"2024-03-21T09:19:45.000Z",
"Harvey Norman Devonport",,,,,"Devonport","7310","Cnr Fenton Way & Best St","Tasmania","-41.1770929","146.3587759","03-6420-7641",,,,,,,,,,,"2024-03-21T09:19:45.000Z",
"Harvey Norman Hobart City",,,,,"Hobart","7000","171 Murray St","Tasmania","-42.87983819999999","147.3215074","03-6230-1100",,,,,,,,,,,"2024-03-21T09:19:45.000Z",
"Harvey Norman Moonah",,,,,"Moonah","7009","191-197 Main Rd","Tasmania","-42.8403949","147.2909511","03-6277-7777",,,,,,,,,,,"2024-03-21T09:19:45.000Z",
"Harvey Norman Chadstone",,,,,"Chadstone","3148","699 Warrigal Rd","Victoria","-37.8794367","145.0923891","03-9567-6608",,,,,,,,,"Showroom with Product Display",,"2024-03-21T09:19:45.000Z",
"Harvey Norman Chirnside Park",,,,,"Chirnside Park","3138","286 Maroondah Hwy","Victoria","-37.7673244","145.3030743","03-9722-4400",,,,,,,,,,,"2024-03-21T09:19:45.000Z",
"Harvey Norman Dandenong",,,,,"Dandenong","3175","141-165 Frankston-Dandenong Rd","Victoria","-38.0135927","145.2166974","03-9706-9992",,,,,,,,,"Showroom with Product Display",,"2024-03-21T09:19:45.000Z",
"Harvey Norman Fountain Gate",,,,,"Narre Warren","3085","8 Overland Drv","Victoria","-38.021811","145.3055367","03-8796-6777",,,,,,,,,"Showroom with Product Display",,"2024-03-21T09:19:45.000Z",
"Harvey Norman Frankston",,,,,"Frankston","3199","87 Cranbourne Rd","Victoria","-38.146767","145.1353915","03-8796-0600",,,,,,,,,"Showroom with Product Display",,"2024-03-21T09:19:45.000Z",
"Harvey Norman Hoppers Crossing",,,,,"Hopppers Crossing","3029","Unit 1, 201-219 Old Geelong Rd","Victoria","-37.8749084","144.7109985","03-8734-0000",,,,,,,,,,,"2024-03-21T09:19:45.000Z",
"Harvey Norman Moorabbin",,,,,"Moorabbin","3189","420 South Rd","Victoria","-37.9348984","145.0419304","03-9269-3460",,,,,,,,,"Showroom with Product Display",,"2024-03-21T09:19:45.000Z",
"Harvey Norman Mornington",,,,,"Mornington","3031","Building C3, Peninsula Lifestyle Cnte","Victoria","-38.22882","145.0600448","03-5970-2500",,,,,,,,,"Showroom with Product Display",,"2024-03-21T09:19:45.000Z",
"Harvey Norman Nunawading",,,,,"Nunawading","3131","400 Whitehorse Rd","Victoria","-37.818179","145.1816117","03-9837-1200",,,,,,,,,"Showroom with Product Display",,"2024-03-21T09:19:45.000Z",
"Harvey Norman Preston",,,,,"Preston","3072","121 Bell St","Victoria","-37.7457943","145.0086739","03-9269-3300",,,,,,,,,"Showroom with Product Display",,"2024-03-21T09:19:45.000Z",
"Harvey Norman Richmond",,,,,"Richmond","3131","479 Bridge Rd","Victoria","-37.8239091","145.1762197","03-8416-4100",,,,,,,,,"Showroom with Product Display",,"2024-03-21T09:19:45.000Z",
"Harvey Norman Springvale",,,,,"Springvale","3171","Unit 26/917 Princes Hwy","Victoria","-37.92758329999999","145.1438245","03-9518-8531",,,,,,,,,,,"2024-03-21T09:19:45.000Z",
"Harvey Norman Sunshine",,,,,"Sunshine","3020","484 Ballarat Rd","Victoria","-37.7756787","144.828095","03-9334-6000",,,,,,,,,,,"2024-03-21T09:19:45.000Z",
"Harvey Norman Thomastown",,,,,"Thomastown","3074","308-320 Settlement Rd","Victoria","-37.6877106","145.0271182","03-9463-4777",,,,,,,,,,,"2024-03-21T09:19:45.000Z",
"Harvey Norman Taylors Lakes",,,,,"Taylors Lakes","3038","450 Melton Hwy","Victoria","-37.6953575","144.7770825","03 9449 6300",,,,,,,,,,,"2024-03-21T09:19:45.000Z",
"Harvey Norman Ararat",,,,,"Ararat","3377","47-49 Vincent Street","Victoria","-37.2853346","142.9302172","03-5352-9100",,,,,,,,,,,"2024-03-21T09:19:45.000Z",
"Harvey Norman Bairnsdale",,,,,"Bairnsdale","3875","294 Main Rd","Victoria","-37.8365866","147.5993731","03-5153-9700",,,,,,,,,,,"2024-03-21T09:19:45.000Z",
"Harvey Norman Ballarat",,,,,"Wendouree","3355","1322 Howitt St","Victoria","-37.538571","143.8228902","03-5332-5100",,,,,,,,,,,"2024-03-21T09:19:45.000Z",
"Harvey Norman Bendigo",,,,,"Kangaroo Flat","3555","Cnr High & Furness St","Victoria","-36.7968388","144.2438821","03-5447-6000",,,,,,,,,,,"2024-03-21T09:19:45.000Z",
"Harvey Norman Broadmeadows",,,,,"Broadmeadows","3047","1185-1197 Pascoe Vale Rd","Victoria","-37.6767819","144.9209957","03-9261-2800",,,,,,,,,,,"2024-03-21T09:19:45.000Z",
"Harvey Norman Echuca",,,,,"Echuca","3564","161-163 Ogilvie St","Victoria","-36.1404431","144.7511231","03-5483-1900",,,,,,,,,,,"2024-03-21T09:19:45.000Z",
"Harvey Norman Geelong",,,,,"Corio","3214","420 Princess Hwy","Victoria","-38.0675269","144.3806694","03-5272-9900",,,,,,,,,,,"2024-03-21T09:19:45.000Z",
"Harvey Norman Hamilton",,,,,"Hamilton","3300","Shop 10, Hamilton Central Plaza, 148 Gray St","Victoria","-37.7434483","142.0245077","03-5551-3500",,,,,,,,,,,"2024-03-21T09:19:45.000Z",
"Harvey Norman Mildura",,,,,"Mildura","3500","Cnr Fifteenth St & Etiwanda Ave","Victoria","-34.2256343","142.1590037","03-5051-2200",,,,,,,,,,,"2024-03-21T09:19:45.000Z",
"Harvey Norman Moe",,,,,"Moe","3825","19 Moore St","Victoria","-38.1740589","146.2617608","03-5127-9500",,,,,,,,,,,"2024-03-21T09:19:45.000Z",
"Harvey Norman Morwell",,,,,"Morwell","3840","232 Commercial Road","Victoria","-38.2380161","146.3991671","03-5120-0200",,,,,,,,,,,"2024-03-21T09:19:45.000Z",
"Harvey Norman Shepparton",,,,,"Shepparton","3630","7950 Goulburn Valley Hwy","Victoria","-36.4149458","145.3930089","03-5820-2950",,,,,,,,,,,"2024-03-21T09:19:45.000Z",
"Harvey Norman Swan Hill",,,,,"Swan Hill","3585","68 Nyah Rd","Victoria","-35.33208700000001","143.5545199","03-5032-0500",,,,,,,,,,,"2024-03-21T09:19:45.000Z",
"Harvey Norman Traralgon",,,,,"Traralgon","3844","123 Argyle St","Victoria","-38.1928529","146.5530898","03-5174-8177",,,,,,,,,,,"2024-03-21T09:19:45.000Z",
"Harvey Norman Wangaratta",,,,,"Wangaratta","3677","8-12 Murphy St","Victoria","-36.3566059","146.3250165","03-5723-8800",,,,,,,,,,,"2024-03-21T09:19:45.000Z",
"Harvey Norman Warragul",,,,,"Warragul","3820","6, 9 & 11, the Link Shopping Centre, Cnr Victoria & Palmerston St","Victoria","-38.1692482","145.9469958","03-5623-9000",,,,,,,,,,,"2024-03-21T09:19:45.000Z",
"Harvey Norman Warrnambool",,,,,"Warnnambool","3280","84 Raglan Parade","Victoria","-38.3829014","142.5233578","03-5564-7700",,,,,,,,,,,"2024-03-21T09:19:45.000Z",
"Harvey Norman Waurn Ponds",,,,,"Waurn Ponds","3219","33 Princes Hwy","Victoria","-38.2048558","144.3079523","03-5240-6200",,,,,,,,,,,"2024-03-21T09:19:45.000Z",
"Harvey Norman City West",,,,,"West Perth","6005","25 Sutherland St","Western Australia","-31.9443205","115.8464462","08-9215-8600",,,,,,,,,,,"2024-03-21T09:19:45.000Z",
"Harvey Norman Joondalup",,,,,"Joondalup","6027","36 Clarke Cres","Western Australia","-31.7490786","115.7662203","08-9301-3311",,,,,,,,,,,"2024-03-21T09:19:45.000Z",
"Harvey Norman Malaga",,,,,"Malaga","6090","24 Kent Way","Western Australia","-31.8554761","115.8933973","08-9270-6300",,,,,,,,,,,"2024-03-21T09:19:45.000Z",
"Harvey Norman Midland",,,,,"Midland","6056","Cnr Lloyd & Clayton Sts","Western Australia","-31.8918569","116.0134727","08-9374-8600",,,,,,,,,,,"2024-03-21T09:19:45.000Z",
"Harvey Norman O'Connor",,,,,"O'Connor","6163","133 Garling St","Western Australia","-32.0576656","115.7943418","08-9337-0888",,,,,,,,,,,"2024-03-21T09:19:45.000Z",
"Harvey Norman Osborne Park",,,,,"Osborne Park","6017","469-475 Scarborough Beach Rd","Western Australia","-31.9054375","115.8072508","08-9441-1100",,,,,,,,,"Showroom with Product Display",,"2024-03-21T09:19:45.000Z",
"Port Kennedy",,,,,"Port Kennedy","6172","400-402 Saltaire Way","Western Australia","-32.3727541","115.7564225","08-9524-0100",,,,,,,,,,,"2024-03-21T09:19:45.000Z",
"Harvey Norman Armadale",,,,,"Armadale","6112","10 Prospect Rd","Western Australia","-32.1515645","116.0140386","08-9498-4400",,,,,,,,,,,"2024-03-21T09:19:45.000Z",
"Harvey Norman Broome",,,,,"Broome","6725","2 Haynes Street","Western Australia","-17.9649171","122.2227991","08-9193-5030",,,,,,,,,,,"2024-03-21T09:19:45.000Z",
"Harvey Norman Bunbury",,,,,"Bunbury","6230","Cnr Sandridge & Denning Rds","Western Australia","-33.3270001","115.6408421","08-9722-0100",,,,,,,,,,,"2024-03-21T09:19:45.000Z",
"Harvey Norman Karratha",,,,,"Karratha","6714","Unit 5 Lot 3818 Balmoral Rd","Western Australia","-20.7357896","116.842455","08-9186-8120",,,,,,,,,,,"2024-03-21T09:19:45.000Z",
"Harvey Norman Mandurah",,,,,"Mandurah","6210","9 Gordan Rd","Western Australia","-32.5361038","115.7424077","08-9582-5800",,,,,,,,,,,"2024-03-21T09:19:45.000Z",
